id,year,region,lat,lon,type
1,2014,Oromia,9.014694,39.137111,Farm trial
2,2014,Oromia,8.949944,39.089278,Farm trial
3,2014,Oromia,9.008639,39.149111,Farm trial
4,2014,Oromia,9.795472,39.189139,Farm trial
6,2014,Oromia,9.781361,39.19025,Farm trial
7,2014,Oromia,8.770861,39.278972,Farm trial
8,2014,Oromia,9.014222,39.138694,Farm trial
9,2014,Oromia,8.965417,39.087333,Farm trial
10,2014,Oromia,9.0035,39.137694,Farm trial
11,2014,Oromia,9.781667,39.12475,Farm trial
12,2014,Oromia,9.780583,39.188472,Farm trial
13,2014,Oromia,9.785667,39.191167,Farm trial
14,2014,Oromia,8.785139,39.227889,Farm trial
15,2014,Oromia,9.773,39.191222,Farm trial
16,2014,Oromia,9.771833,39.194889,Farm trial
17,2014,Oromia,9.78,39.192806,Farm trial
18,2014,Oromia,10.0165,39.238833,Farm trial
19,2014,Oromia,9.019111,39.137056,Farm trial
20,2014,Oromia,9.000417,39.139917,Farm trial
21,2014,Oromia,9.002028,39.139972,Farm trial
22,2014,Oromia,8.747306,39.225917,Farm trial
23,2014,Oromia,9.003056,39.13975,Farm trial
24,2014,Oromia,9.781361,39.121833,Farm trial
25,2014,Oromia,9.780583,39.188472,Farm trial
26,2014,Oromia,8.771833,39.277056,Farm trial
27,2015,Tigray,13.3742,39.0925,Farm trial
28,2014,Oromia,9.011167,39.137194,Farm trial
29,2014,Oromia,8.730194,39.240361,Farm trial
30,2014,Oromia,8.768111,39.274667,Farm trial
32,2014,Oromia,9.782806,39.193667,Farm trial
33,2014,Oromia,9.0115,39.144278,Farm trial
34,2014,Oromia,9.783833,39.125083,Farm trial
35,2014,Oromia,8.7305,39.240667,Farm trial
36,2014,Oromia,9.783056,39.122694,Farm trial
37,2014,Oromia,9.785667,39.191167,Farm trial
38,2014,Oromia,8.72925,39.239236,Farm trial
39,2014,Oromia,9.014417,39.139917,Farm trial
40,2014,Oromia,10.002972,39.239722,Farm trial
41,2014,Oromia,9.784139,39.124472,Farm trial
42,2014,Oromia,8.945194,39.082528,Farm trial
43,2014,Oromia,9.78,39.192806,Farm trial
44,2014,Oromia,9.779694,39.191028,Farm trial
45,2014,Oromia,8.786639,39.242722,Farm trial
46,2014,Oromia,9.010222,39.14875,Farm trial
47,2014,Oromia,9.01525,39.141389,Farm trial
48,2014,Oromia,8.77175,39.268278,Farm trial
50,2014,Oromia,9.773889,39.190778,Farm trial
51,2014,Oromia,8.729889,39.211333,Farm trial
52,2014,Oromia,8.737833,39.237722,Farm trial
53,2014,Oromia,9.784722,39.133611,Farm trial
54,2014,Oromia,8.785111,39.228444,Farm trial
55,2014,Oromia,9.002,39.135667,Farm trial
56,2014,Amhara,11.718192,38.961236,Farm trial
57,2014,Amhara,11.81837642,38.69750823,Farm trial
59,2014,Oromia,8.761556,39.27525,Farm trial
60,2014,Oromia,8.94525,39.092278,Farm trial
63,2015,Tigray,13.3904,39.0728,Farm trial
64,2015,Tigray,13.3846,39.0824,Farm trial
65,2013,Tigray,13.3742,39.0925,Farm trial
68,2014,Oromia,9.939028,39.20325,Farm trial
69,2015,Oromia,8.965389,39.089639,Farm trial
70,2014,Amhara,11.718192,38.961236,Farm trial
72,2015,Tigray,13.3742,39.0925,Farm trial
73,2013,Tigray,13.3742,39.0925,Farm trial
74,2014,Amhara,11.67907,38.68684,Farm trial
75,2014,Amhara,11.73608,38.75373,Farm trial
76,2014,Oromia,9.798667,39.184056,Farm trial
77,2014,Oromia,9.864083,39.178944,Farm trial
78,2014,Oromia,9.787028,39.132861,Farm trial
79,2014,Amhara,11.705448,38.943932,Farm trial
81,2013,Amhara,11.717931,38.960184,Farm trial
82,2014,Oromia,8.730556,39.212194,Farm trial
83,2014,Oromia,8.94225,39.081389,Farm trial
84,2014,Oromia,9.925361,39.170056,Farm trial
85,2014,Oromia,9.856306,39.191333,Farm trial
86,2014,Oromia,8.730583,39.211,Farm trial
87,2015,Oromia,8.945972,39.087972,Farm trial
88,2014,Oromia,9.789583,39.183333,Farm trial
89,2014,Oromia,8.968889,39.162944,Farm trial
90,2015,Oromia,9.055472,39.171861,Farm trial
91,2014,Oromia,9.917917,39.174806,Farm trial
92,2014,Oromia,8.947222,39.095611,Farm trial
93,2014,Oromia,9.856417,39.190639,Farm trial
94,2015,Tigray,13.3648,39.115,Farm trial
96,2013,Tigray,13.3742,39.0925,Farm trial
97,2013,Tigray,13.3846,39.0824,Farm trial
98,2015,Tigray,13.3742,39.0925,Farm trial
99,2015,Tigray,13.3946,39.0748,Farm trial
100,2015,Tigray,13.3658,39.0839,Farm trial
101,2015,Tigray,13.3742,39.0925,Farm trial
102,2015,Tigray,13.3742,39.0925,Farm trial
103,2014,Amhara,11.64413,38.92404,Farm trial
104,2015,Oromia,8.973472,39.082417,Farm trial
105,2015,Oromia,8.962833,39.085861,Farm trial
106,2015,Oromia,9.050472,39.167528,Farm trial
107,2014,Oromia,9.874056,39.1735,Farm trial
108,2014,Amhara,11.75199,38.75438,Farm trial
109,2014,Amhara,11.64413,38.92404,Farm trial
110,2014,Amhara,11.731889,38.751825,Farm trial
111,2014,Oromia,9.995333,39.239917,Farm trial
112,2014,Oromia,8.752583,39.222861,Farm trial
113,2014,Oromia,8.930575,39.098194,Farm trial
114,2014,Oromia,9.892556,39.20625,Farm trial
115,2015,Oromia,8.944028,39.175028,Farm trial
116,2014,Amhara,11.73559,38.74964,Farm trial
117,2015,Oromia,9.052639,39.182083,Farm trial
118,2014,Amhara,11.81807249,38.68415173,Farm trial
119,2014,Amhara,11.82904706,38.58916006,Farm trial
120,2014,Amhara,11.64413,38.92404,Farm trial
121,2014,Amhara,11.67813,38.69022,Farm trial
123,2014,Amhara,11.64413,38.92404,Farm trial
124,2014,Amhara,11.82934006,38.59166583,Farm trial
125,2014,Oromia,8.752306,39.224556,Farm trial
126,2015,Tigray,13.3742,39.0925,Farm trial
127,2015,Oromia,9.801222,39.181111,Farm trial
128,2015,Oromia,9.060972,39.178194,Farm trial
129,2014,Oromia,9.930583,39.190083,Farm trial
130,2014,Amhara,11.73723,38.75649,Farm trial
132,2014,Amhara,11.64212,38.91624,Farm trial
133,2015,Oromia,9.801222,39.181111,Farm trial
134,2014,Oromia,9.787417,39.193667,Farm trial
135,2015,Oromia,8.755833,39.238722,Farm trial
136,2014,Oromia,8.726167,39.243944,Farm trial
137,2015,Oromia,8.784528,39.242528,Farm trial
138,2014,Oromia,8.945361,39.189722,Farm trial
139,2014,Amhara,11.68275,38.69348,Farm trial
140,2014,Oromia,8.946056,39.079417,Farm trial
141,2014,Amhara,11.718192,38.961236,Farm trial
143,2014,Amhara,11.82123303,38.70506029,Farm trial
144,2014,Amhara,11.69371,38.703,Farm trial
148,2014,Amhara,11.67813,38.69022,Farm trial
149,2015,Oromia,8.982894,39.078,Farm trial
150,2014,Oromia,8.773361,39.277917,Farm trial
151,2014,Oromia,9.922028,39.168083,Farm trial
152,2014,Oromia,9.801333,39.198889,Farm trial
153,2014,Oromia,9.941417,39.209556,Farm trial
154,2014,Oromia,8.745306,39.222167,Farm trial
155,2014,Oromia,8.752556,39.221639,Farm trial
156,2014,Oromia,8.937667,39.093417,Farm trial
157,2015,Oromia,9.801222,39.181111,Farm trial
158,2014,Amhara,11.68067,38.69402,Farm trial
159,2014,Amhara,11.78779,39.02029,Farm trial
160,2015,Tigray,13.3742,39.0925,Farm trial
161,2013,Tigray,13.3742,39.0925,Farm trial
162,2014,Amhara,11.70296,38.75998,Farm trial
163,2014,Oromia,8.782833,39.241389,Farm trial
164,2015,Tigray,13.3742,39.0925,Farm trial
165,2014,Amhara,11.73121,38.73759,Farm trial
167,2014,Amhara,11.707127,38.94707,Farm trial
168,2014,Amhara,11.83150785,38.59617014,Farm trial
170,2014,Oromia,9.865056,39.177222,Farm trial
172,2014,Amhara,11.82840382,38.58835316,Farm trial
173,2014,Amhara,11.81736829,38.69348853,Farm trial
174,2013,Tigray,13.3742,39.0925,Farm trial
175,2013,Tigray,13.3742,39.0925,Farm trial
176,2015,Tigray,13.3946,39.0748,Farm trial
180,2014,Amhara,11.70623,38.75922,Farm trial
181,2014,Amhara,11.64413,38.92404,Farm trial
182,2014,Amhara,11.70924,38.979025,Farm trial
183,2013,Tigray,13.3742,39.0925,Farm trial
185,2013,Tigray,13.3742,39.0925,Farm trial
186,2015,Tigray,13.3742,39.0925,Farm trial
187,2013,Tigray,13.3742,39.0925,Farm trial
189,2015,Tigray,13.3742,39.0925,Farm trial
191,2015,Tigray,13.3742,39.0925,Farm trial
192,2013,Tigray,13.3742,39.0925,Farm trial
193,2014,Amhara,11.72473,38.74472,Farm trial
194,2014,Amhara,11.74477,38.72975,Farm trial
196,2014,Amhara,11.64035,38.92547,Farm trial
197,2015,Oromia,9.055472,39.173583,Farm trial
198,2015,Oromia,8.966167,39.089528,Farm trial
199,2014,Amhara,11.81736829,38.69348853,Farm trial
200,2014,Amhara,11.81736829,38.69348853,Farm trial
201,2014,Oromia,9.065833,39.124278,Farm trial
202,2015,Tigray,13.3742,39.0925,Farm trial
203,2015,Tigray,13.3707,39.08,Farm trial
204,2015,Oromia,9.801222,39.181111,Farm trial
207,2014,Amhara,11.8195749,38.69351362,Farm trial
208,2014,Amhara,11.81827994,38.70033577,Farm trial
209,2014,Oromia,8.964389,39.181528,Farm trial
210,2015,Oromia,8.954,39.096556,Farm trial
211,2014,Oromia,9.770111,39.133056,Farm trial
212,2014,Amhara,11.7041,38.76576,Farm trial
214,2014,Amhara,11.731456,38.751456,Farm trial
215,2014,Amhara,11.67813,38.69022,Farm trial
216,2015,Oromia,9.055472,39.171861,Farm trial
218,2014,Amhara,11.67813,38.69022,Farm trial
219,2015,Tigray,13.3742,39.0925,Farm trial
220,2013,Amhara,11.81750671,38.69606794,Farm trial
221,2013,Amhara,11.81628122,38.69176392,Farm trial
222,2014,Oromia,8.947444,39.089278,Farm trial
223,2014,Amhara,11.718192,38.961236,Farm trial
225,2014,Oromia,9.920222,39.177556,Farm trial
226,2013,Tigray,13.3707,39.08,Farm trial
227,2013,Tigray,13.3742,39.0925,Farm trial
228,2015,Tigray,13.3742,39.0925,Farm trial
229,2014,Oromia,9.941417,39.206056,Farm trial
230,2014,Amhara,11.6768,38.69016,Farm trial
231,2015,Oromia,9.801222,39.181111,Farm trial
232,2014,Oromia,9.855444,39.191667,Farm trial
233,2014,Oromia,8.957694,39.177167,Farm trial
234,2014,Oromia,9.896667,39.206583,Farm trial
235,2014,Amhara,11.70598,38.7643,Farm trial
236,2014,Amhara,11.77979,39.02391,Farm trial
237,2014,Amhara,11.74386,38.74462,Farm trial
239,2014,Amhara,11.710227,38.979377,Farm trial
240,2014,Oromia,8.723444,39.209111,Farm trial
241,2014,Oromia,8.771417,39.273417,Farm trial
242,2015,Tigray,13.3742,39.0925,Farm trial
243,2015,Tigray,13.3742,39.0925,Farm trial
244,2014,Amhara,11.6475,38.92275,Farm trial
245,2014,Oromia,8.967139,39.183306,Farm trial
246,2014,Oromia,8.968889,39.183333,Farm trial
247,2014,Oromia,8.781361,39.238778,Farm trial
249,2013,Amhara,11.67721,38.87021,Farm trial
250,2014,Amhara,11.70798,38.76535,Farm trial
251,2014,Oromia,10.017472,39.242167,Farm trial
252,2014,Oromia,9.792333,39.17675,Farm trial
253,2014,Oromia,9.780333,39.190444,Farm trial
254,2014,Oromia,8.782722,39.240444,Farm trial
255,2015,Oromia,9.043,39.174639,Farm trial
256,2015,Oromia,8.755639,39.249167,Farm trial
257,2014,Oromia,9.872889,39.175,Farm trial
258,2015,Oromia,8.944028,39.175028,Farm trial
259,2014,Oromia,9.935917,39.215472,Farm trial
261,2014,Amhara,11.82904706,38.58916006,Farm trial
262,2014,Oromia,9.930056,39.188444,Farm trial
263,2015,Tigray,13.3742,39.0925,Farm trial
264,2015,Oromia,9.050472,39.167528,Farm trial
265,2014,Amhara,11.735996,38.738573,Farm trial
266,2014,Amhara,11.70623,38.75922,Farm trial
267,2013,Amhara,11.69241,38.7608,Farm trial
269,2014,Amhara,11.64212,38.91624,Farm trial
270,2014,Oromia,9.940528,39.207722,Farm trial
271,2014,Oromia,9.942528,39.206417,Farm trial
274,2013,Tigray,13.3742,39.0925,Farm trial
276,2013,Tigray,13.3742,39.0925,Farm trial
277,2013,Tigray,13.3742,39.0925,Farm trial
278,2015,Tigray,13.3742,39.0925,Farm trial
279,2015,Tigray,13.3742,39.0925,Farm trial
281,2015,Tigray,13.3742,39.0925,Farm trial
283,2014,Amhara,11.82840382,38.58835316,Farm trial
284,2015,Tigray,13.3742,39.0925,Farm trial
287,2014,Amhara,11.718022,38.960685,Farm trial
288,2015,Oromia,8.726778,39.234194,Farm trial
289,2014,Amhara,11.723793,38.743472,Farm trial
291,2015,Tigray,13.3742,39.0925,Farm trial
292,2015,Oromia,8.784167,39.243361,Farm trial
293,2015,Tigray,13.3742,39.0925,Farm trial
294,2015,Oromia,8.786889,39.237417,Farm trial
296,2013,Amhara,11.70695,38.75905,Farm trial
297,2014,Amhara,11.70623,38.75922,Farm trial
298,2014,Oromia,8.946444,39.177778,Farm trial
299,2014,Amhara,11.68008,38.68695,Farm trial
300,2014,Amhara,11.70233,38.75793,Farm trial
301,2014,Amhara,11.716388,38.964003,Farm trial
302,2014,Oromia,9.895028,39.19975,Farm trial
303,2014,Amhara,11.77811,39.01889,Farm trial
305,2015,Oromia,8.944028,39.175028,Farm trial
306,2014,Oromia,8.976194,39.077333,Farm trial
307,2014,Amhara,11.70984,38.76229,Farm trial
308,2015,Oromia,8.947972,39.175333,Farm trial
309,2015,Oromia,8.973111,39.089306,Farm trial
310,2014,Oromia,8.727833,39.207444,Farm trial
311,2014,Amhara,11.68473,38.69461,Farm trial
313,2014,Amhara,11.77682,39.02338,Farm trial
314,2014,Amhara,11.64416,38.92364,Farm trial
315,2014,Amhara,11.64366,38.92412,Farm trial
316,2014,Amhara,11.64902,38.92008,Farm trial
317,2014,Oromia,9.859028,39.188417,Farm trial
318,2014,Oromia,9.915333,39.186125,Farm trial
319,2014,Oromia,8.768694,39.278333,Farm trial
320,2014,Oromia,8.949472,39.079222,Farm trial
321,2014,Oromia,8.729889,39.211306,Farm trial
322,2014,Oromia,9.799222,39.179972,Farm trial
323,2014,Oromia,9.917917,39.174806,Farm trial
324,2015,Oromia,9.042556,39.177389,Farm trial
325,2015,Oromia,8.762778,39.249972,Farm trial
326,2014,Oromia,9.857944,39.187444,Farm trial
327,2013,Tigray,13.3742,39.0925,Farm trial
328,2014,Amhara,11.705506,38.967908,Farm trial
329,2014,Oromia,9.8575,39.189694,Farm trial
330,2014,Amhara,11.708637,38.961327,Farm trial
331,2014,Oromia,8.949278,39.182111,Farm trial
332,2015,Oromia,9.043722,39.179167,Farm trial
333,2015,Oromia,8.944556,39.083528,Farm trial
334,2015,Oromia,8.944028,39.175028,Farm trial
335,2014,Oromia,10.007222,39.240972,Farm trial
336,2014,Oromia,8.960139,39.180111,Farm trial
337,2014,Oromia,8.947222,39.096194,Farm trial
338,2014,Oromia,9.80025,39.176,Farm trial
339,2014,Oromia,9.874639,39.170167,Farm trial
340,2015,Oromia,9.801222,39.181111,Farm trial
341,2015,Oromia,8.940944,39.184917,Farm trial
342,2014,Amhara,11.725637,38.749085,Farm trial
343,2015,Oromia,8.944028,39.175028,Farm trial
344,2015,Oromia,9.053278,39.180889,Farm trial
345,2015,Oromia,8.729361,39.238528,Farm trial
346,2014,Oromia,8.935417,39.085611,Farm trial
347,2015,Oromia,8.974722,39.080167,Farm trial
348,2015,Oromia,8.767417,39.252056,Farm trial
349,2015,Oromia,8.784889,39.227472,Farm trial
350,2015,Oromia,8.944028,39.175028,Farm trial
351,2014,Oromia,9.895972,39.19675,Farm trial
352,2014,Oromia,10.009083,39.239778,Farm trial
353,2014,Amhara,11.67813,38.69022,Farm trial
354,2015,Oromia,8.732444,39.242694,Farm trial
356,2014,Oromia,9.925667,39.184972,Farm trial
357,2014,Amhara,11.77882,39.02172,Farm trial
359,2015,Oromia,8.762389,39.251806,Farm trial
360,2015,Oromia,9.042556,39.177389,Farm trial
362,2015,Oromia,8.969444,39.076694,Farm trial
363,2015,Oromia,8.949917,39.175194,Farm trial
364,2014,Oromia,9.862611,39.180139,Farm trial
365,2015,Oromia,9.801222,39.181111,Farm trial
366,2014,Amhara,11.77472,39.02587,Farm trial
367,2014,Amhara,11.64212,38.91624,Farm trial
368,2014,Amhara,11.64857,38.92706,Farm trial
369,2014,Amhara,11.64212,38.91624,Farm trial
370,2014,Amhara,11.706684,38.97885,Farm trial
371,2014,Amhara,11.714173,38.950935,Farm trial
376,2014,Oromia,10.0155,39.238222,Farm trial
378,2014,Amhara,11.69582,38.7588,Farm trial
379,2014,Amhara,11.64413,38.92404,Farm trial
380,2014,Amhara,11.77969,39.0209,Farm trial
385,2014,Amhara,11.77892,39.02308,Farm trial
386,2014,Amhara,11.81993547,38.6841955,Farm trial
387,2014,Amhara,11.67813,38.69022,Farm trial
388,2014,Oromia,10.016056,39.233667,Farm trial
389,2014,Oromia,8.971694,39.0885,Farm trial
390,2015,Oromia,8.773722,39.240111,Farm trial
391,2015,Oromia,9.043722,39.179167,Farm trial
392,2014,Amhara,11.66954,38.68471,Farm trial
393,2014,Oromia,10.009028,39.236556,Farm trial
394,2015,Oromia,8.785778,39.229083,Farm trial
395,2014,Amhara,11.717621,38.963856,Farm trial
396,2014,Amhara,11.68022,38.686,Farm trial
397,2014,Amhara,11.67625,38.69015,Farm trial
398,2014,Amhara,11.64413,38.92404,Farm trial
399,2014,Oromia,9.868639,39.175389,Farm trial
400,2015,Oromia,8.755833,39.238722,Farm trial
402,2014,Amhara,11.737236,38.750582,Farm trial
403,2014,Amhara,11.740546,38.746021,Farm trial
404,2014,Amhara,11.78655,39.01696,Farm trial
405,2013,Amhara,11.69554,38.75991,Farm trial
406,2014,Amhara,11.78655,39.01696,Farm trial
407,2014,Oromia,8.94875,39.192333,Farm trial
408,2014,Amhara,11.73844,38.75145,Farm trial
409,2014,Oromia,8.785083,39.24175,Farm trial
410,2014,Oromia,9.894722,39.191639,Farm trial
411,2014,Oromia,9.937917,39.211111,Farm trial
412,2015,Oromia,9.801222,39.181111,Farm trial
413,2015,Oromia,8.785278,39.244889,Farm trial
414,2015,Oromia,8.730333,39.235972,Farm trial
415,2015,Oromia,8.963639,39.180333,Farm trial
416,2014,Amhara,11.74683,38.75021,Farm trial
417,2014,Amhara,11.64413,38.92404,Farm trial
418,2014,Amhara,11.70466,38.76733,Farm trial
419,2014,Amhara,11.728543,38.746905,Farm trial
420,2013,Amhara,11.70157,38.76245,Farm trial
421,2014,Amhara,11.70623,38.75922,Farm trial
422,2014,Oromia,9.801333,39.183583,Farm trial
423,2013,Tigray,13.3742,39.0925,Farm trial
424,2014,Amhara,11.70987,38.75758,Farm trial
425,2014,Amhara,11.65043,38.92157,Farm trial
426,2014,Amhara,11.70623,38.75922,Farm trial
427,2013,Amhara,11.69026,38.76072,Farm trial
431,2014,Amhara,11.718192,38.961236,Farm trial
432,2013,Amhara,11.70128,38.75863,Farm trial
433,2014,Amhara,11.81603657,38.69132356,Farm trial
435,2015,Oromia,8.9485,39.097083,Farm trial
436,2014,Amhara,11.70875,38.76772,Farm trial
437,2014,Amhara,11.78911,39.01974,Farm trial
439,2014,Amhara,11.64035,38.92547,Farm trial
440,2014,Amhara,11.70897,38.7608,Farm trial
444,2014,Amhara,11.7906,39.01776,Farm trial
445,2014,Amhara,11.67813,38.69022,Farm trial
446,2014,Amhara,11.67813,38.69022,Farm trial
447,2015,Oromia,8.944028,39.175028,Farm trial
449,2014,Amhara,11.717624,38.961361,Farm trial
450,2014,Amhara,11.70623,38.75922,Farm trial
451,2014,Amhara,11.67405,38.682504,Farm trial
452,2014,Oromia,9.043528,39.134917,Farm trial
453,2014,Oromia,8.720806,39.241472,Farm trial
454,2014,Oromia,8.955056,39.18625,Farm trial
456,2014,Oromia,9.868806,39.175361,Farm trial
457,2014,Amhara,11.706672,38.978825,Farm trial
458,2014,Oromia,10.007222,39.239667,Farm trial
459,2015,Tigray,13.3742,39.0925,Farm trial
460,2015,Tigray,13.3742,39.0925,Farm trial
461,2015,Tigray,13.3742,39.0925,Farm trial
463,2015,Tigray,13.3659,39.1124,Farm trial
464,2013,Tigray,13.3605,39.1154,Farm trial
465,2014,Oromia,9.856306,39.191333,Farm trial
466,2013,Tigray,13.3742,39.0925,Farm trial
467,2013,Tigray,13.3742,39.0925,Farm trial
468,2015,Tigray,13.3742,39.0925,Farm trial
469,2013,Tigray,13.3742,39.0925,Farm trial
470,2013,Tigray,13.3742,39.0925,Farm trial
471,2013,Tigray,13.3742,39.0925,Farm trial
472,2015,Tigray,13.3742,39.0925,Farm trial
473,2013,Tigray,13.3742,39.0925,Farm trial
474,2015,Tigray,13.3742,39.0925,Farm trial
475,2015,Tigray,13.3742,39.0925,Farm trial
476,2015,Tigray,13.3742,39.0925,Farm trial
477,2015,Tigray,13.3742,39.0925,Farm trial
478,2013,Tigray,13.3742,39.0925,Farm trial
479,2013,Tigray,13.3742,39.0925,Farm trial
480,2013,Tigray,13.3742,39.0925,Farm trial
481,2013,Tigray,13.3742,39.0925,Farm trial
482,2015,Tigray,13.3742,39.0925,Farm trial
483,2015,Tigray,13.3742,39.0925,Farm trial
484,2015,Tigray,13.3742,39.0925,Farm trial
485,2015,Tigray,13.3742,39.0925,Farm trial
486,2015,Tigray,13.3742,39.0925,Farm trial
487,2015,Tigray,13.3742,39.0925,Farm trial
488,2015,Tigray,13.3742,39.0925,Farm trial
489,2013,Tigray,13.3742,39.0925,Farm trial
490,2013,Tigray,13.3742,39.0925,Farm trial
491,2015,Tigray,13.3904,39.0728,Farm trial
492,2015,Tigray,13.3742,39.0925,Farm trial
493,2015,Tigray,13.365,39.0736,Farm trial
494,2015,Tigray,13.3742,39.0925,Farm trial
495,2013,Tigray,13.365,39.0736,Farm trial
496,2013,Tigray,13.3742,39.0925,Farm trial
497,2015,Tigray,13.3742,39.0925,Farm trial
498,2013,Tigray,13.3742,39.0925,Farm trial
499,2015,Tigray,13.3742,39.0925,Farm trial
500,2013,Tigray,13.3742,39.0925,Farm trial
501,2013,Tigray,13.3742,39.0925,Farm trial
502,2015,Tigray,13.3659,39.1124,Farm trial
503,2015,Tigray,13.3742,39.0925,Farm trial
504,2015,Tigray,13.3946,39.0748,Farm trial
505,2013,Tigray,13.3742,39.0925,Farm trial
506,2015,Tigray,13.3742,39.0925,Farm trial
507,2013,Tigray,13.3742,39.0925,Farm trial
508,2013,Tigray,13.3742,39.0925,Farm trial
509,2015,Tigray,13.3918,39.0847,Farm trial
510,2015,Tigray,13.3742,39.0925,Farm trial
511,2015,Tigray,13.3742,39.0925,Farm trial
512,2013,Tigray,13.3742,39.0925,Farm trial
513,2013,Tigray,13.3742,39.0925,Farm trial
514,2013,Tigray,13.3742,39.0925,Farm trial
515,2013,Tigray,13.3742,39.0925,Farm trial
516,2013,Tigray,13.3605,39.1154,Farm trial
517,2015,Tigray,13.3742,39.0925,Farm trial
518,2013,Tigray,13.3742,39.0925,Farm trial
519,2015,Tigray,13.3742,39.0925,Farm trial
520,2015,Tigray,13.3742,39.0925,Farm trial
521,2015,Tigray,13.3742,39.0925,Farm trial
522,2015,Tigray,13.3742,39.0925,Farm trial
523,2013,Tigray,13.3742,39.0925,Farm trial
524,2013,Tigray,13.3918,39.0847,Farm trial
525,2013,Tigray,13.3742,39.0925,Farm trial
526,2013,Tigray,13.3742,39.0925,Farm trial
527,2013,Tigray,13.3742,39.0925,Farm trial
528,2014,Oromia,9.918583,39.17775,Farm trial
529,2013,Tigray,13.3742,39.0925,Farm trial
530,2013,Tigray,13.3742,39.0925,Farm trial
531,2015,Tigray,13.3742,39.0925,Farm trial
532,2013,Tigray,13.3742,39.0925,Farm trial
533,2013,Tigray,13.3742,39.0925,Farm trial
534,2015,Tigray,13.3742,39.0925,Farm trial
535,2013,Tigray,13.3742,39.0925,Farm trial
536,2015,Tigray,13.3742,39.0925,Farm trial
537,2015,Tigray,13.3742,39.0925,Farm trial
538,2015,Tigray,13.3742,39.0925,Farm trial
539,2015,Tigray,13.3846,39.0824,Farm trial
540,2013,Tigray,13.3742,39.0925,Farm trial
541,2013,Tigray,13.3742,39.0925,Farm trial
542,2015,Tigray,13.3742,39.0925,Farm trial
543,2014,Oromia,8.948833,39.095972,Farm trial
544,2014,Oromia,9.856944,39.190333,Farm trial
546,2014,Oromia,8.775556,39.268667,Farm trial
547,2013,Tigray,13.3742,39.0925,Farm trial
548,2013,Tigray,13.3742,39.0925,Farm trial
549,2015,Tigray,13.3742,39.0925,Farm trial
550,2015,Tigray,13.3742,39.0925,Farm trial
551,2015,Tigray,13.3742,39.0925,Farm trial
552,2015,Tigray,13.3742,39.0925,Farm trial
553,2015,Tigray,13.3742,39.0925,Farm trial
554,2013,Tigray,13.3742,39.0925,Farm trial
556,2013,Tigray,13.3742,39.0925,Farm trial
558,2015,Oromia,8.787167,39.235361,Farm trial
559,2015,Oromia,8.948306,39.083861,Farm trial
560,2015,Oromia,8.726778,39.234194,Farm trial
561,2015,Oromia,8.73725,39.236611,Farm trial
562,2015,Oromia,8.735056,39.237944,Farm trial
563,2015,Oromia,8.735083,39.234639,Farm trial
565,2015,Oromia,8.949222,39.179528,Farm trial
566,2014,Amhara,11.64413,38.92404,Farm trial
567,2015,Oromia,8.761972,39.247333,Farm trial
568,2014,Oromia,8.951,39.179056,Farm trial
569,2015,Oromia,8.762778,39.249972,Farm trial
570,2014,Oromia,8.948417,39.192083,Farm trial
571,2014,Oromia,9.874694,39.170194,Farm trial
572,2013,Tigray,13.3742,39.0925,Farm trial
573,2015,Oromia,8.946417,39.093861,Farm trial
574,2014,Oromia,8.764639,39.273667,Farm trial
575,2014,Oromia,9.801222,39.181111,Farm trial
576,2015,Oromia,9.053278,39.180889,Farm trial
577,2015,Oromia,8.781944,39.230361,Farm trial
578,2015,Tigray,13.3742,39.0925,Farm trial
579,2015,Oromia,8.773722,39.240111,Farm trial
580,2015,Oromia,8.944028,39.175028,Farm trial
581,2014,Oromia,9.871083,39.178278,Farm trial
582,2014,Amhara,11.7362,38.74802,Farm trial
583,2014,Amhara,11.81709,38.67111739,Farm trial
585,2014,Amhara,11.718192,38.961236,Farm trial
588,2014,Amhara,11.718192,38.961236,Farm trial
589,2014,Amhara,11.720919,38.968704,Farm trial
590,2014,Amhara,11.82840382,38.58835316,Farm trial
591,2014,Amhara,11.706233,38.977893,Farm trial
594,2014,Oromia,9.896056,39.202806,Farm trial
598,2014,Amhara,11.67813,38.69022,Farm trial
599,2014,Oromia,8.733611,39.206056,Farm trial
600,2014,Amhara,11.67813,38.69022,Farm trial
601,2014,Oromia,9.855444,39.189944,Farm trial
602,2014,Oromia,9.896,39.2105,Farm trial
603,2014,Amhara,11.731456,38.751456,Farm trial
604,2014,Oromia,9.798667,39.183778,Farm trial
605,2015,Oromia,8.941833,39.187889,Farm trial
606,2015,Oromia,9.056833,39.166806,Farm trial
607,2014,Oromia,8.784306,39.226778,Farm trial
608,2015,Tigray,13.3742,39.0925,Farm trial
609,2013,Tigray,13.3742,39.0925,Farm trial
610,2015,Oromia,8.755556,39.235833,Farm trial
611,2015,Oromia,8.761972,39.247333,Farm trial
612,2014,Oromia,8.749472,39.229472,Farm trial
613,2014,Oromia,9.799361,39.183056,Farm trial
614,2014,Oromia,9.799444,39.185611,Farm trial
615,2014,Oromia,8.739361,39.221722,Farm trial
616,2015,Oromia,9.056833,39.166806,Farm trial
617,2015,Oromia,9.801222,39.181111,Farm trial
618,2015,Oromia,8.788639,39.236583,Farm trial
620,2014,Amhara,11.81736829,38.69348853,Farm trial
621,2014,Oromia,9.944639,39.203972,Farm trial
622,2014,Oromia,9.041472,39.136111,Farm trial
623,2015,Tigray,13.3742,39.0925,Farm trial
624,2015,Oromia,9.055778,39.180306,Farm trial
625,2015,Oromia,8.734194,39.236639,Farm trial
626,2014,Oromia,9.016167,39.1375,Farm trial
627,2013,Tigray,13.3742,39.0925,Farm trial
628,2013,Tigray,13.3742,39.0925,Farm trial
629,2013,Tigray,13.3742,39.0925,Farm trial
630,2013,Tigray,13.3742,39.0925,Farm trial
631,2013,Tigray,13.3742,39.0925,Farm trial
632,2013,Tigray,13.3742,39.0925,Farm trial
633,2015,Tigray,13.3605,39.1154,Farm trial
634,2015,Tigray,13.3546,39.1122,Farm trial
635,2015,Tigray,13.3658,39.0839,Farm trial
636,2015,Tigray,13.3742,39.0925,Farm trial
637,2015,Tigray,13.3742,39.0925,Farm trial
638,2015,Tigray,13.3742,39.0925,Farm trial
639,2013,Tigray,13.3742,39.0925,Farm trial
640,2015,Tigray,13.3742,39.0925,Farm trial
641,2013,Tigray,13.3742,39.0925,Farm trial
642,2013,Tigray,13.3742,39.0925,Farm trial
643,2015,Tigray,13.3742,39.0925,Farm trial
644,2015,Tigray,13.3742,39.0925,Farm trial
645,2013,Tigray,13.3742,39.0925,Farm trial
646,2014,Oromia,8.725028,39.217111,Farm trial
647,2015,Oromia,8.940722,39.189361,Farm trial
648,2015,Oromia,8.949833,39.098583,Farm trial
649,2013,Amhara,11.70623,38.75922,Farm trial
650,2013,Amhara,11.70946,38.75917,Farm trial
651,2013,Amhara,11.66908,38.86812,Farm trial
652,2014,Amhara,11.70948,38.75632,Farm trial
653,2014,Amhara,11.7008,38.7657,Farm trial
654,2014,Oromia,8.985222,39.088194,Farm trial
655,2015,Oromia,9.053139,39.172694,Farm trial
656,2014,Oromia,9.93925,39.203417,Farm trial
657,2014,Amhara,11.78964,39.0228,Farm trial
658,2014,Amhara,11.70623,38.75922,Farm trial
659,2013,Tigray,13.3742,39.0925,Farm trial
660,2015,Tigray,13.3742,39.0925,Farm trial
661,2015,Tigray,13.3742,39.0925,Farm trial
662,2015,Tigray,13.3742,39.0925,Farm trial
663,2015,Tigray,13.3742,39.0925,Farm trial
665,2015,Tigray,13.3742,39.0925,Farm trial
666,2013,Tigray,13.3742,39.0925,Farm trial
667,2015,Tigray,13.3742,39.0925,Farm trial
668,2015,Tigray,13.3742,39.0925,Farm trial
669,2015,Tigray,13.3742,39.0925,Farm trial
670,2015,Tigray,13.3742,39.0925,Farm trial
671,2013,Tigray,13.3742,39.0925,Farm trial
672,2013,Tigray,13.3742,39.0925,Farm trial
673,2015,Tigray,13.3742,39.0925,Farm trial
674,2015,Tigray,13.3742,39.0925,Farm trial
675,2015,Tigray,13.3742,39.0925,Farm trial
676,2015,Tigray,13.3742,39.0925,Farm trial
677,2014,Amhara,11.68118,38.68824,Farm trial
678,2013,Tigray,13.3918,39.0847,Farm trial
680,2015,Oromia,9.057917,39.175972,Farm trial
681,2015,Oromia,9.053139,39.172694,Farm trial
682,2013,Tigray,13.3742,39.0925,Farm trial
683,2014,Oromia,8.750556,39.221389,Farm trial
684,2013,Tigray,13.3742,39.0925,Farm trial
685,2014,Oromia,8.733389,39.200944,Farm trial
686,2014,Oromia,9.858583,39.1865,Farm trial
687,2015,Tigray,13.3742,39.0925,Farm trial
688,2015,Tigray,13.3742,39.0925,Farm trial
689,2013,Tigray,13.3742,39.0925,Farm trial
690,2015,Tigray,13.3742,39.0925,Farm trial
691,2015,Oromia,8.966889,39.082944,Farm trial
692,2015,Oromia,8.758028,39.234917,Farm trial
693,2014,Oromia,9.798556,39.1795,Farm trial
694,2014,Oromia,8.977583,39.079,Farm trial
695,2014,Amhara,11.6469,38.92153,Farm trial
696,2014,Amhara,11.65543,38.69544,Farm trial
697,2014,Amhara,11.67288,38.68476,Farm trial
698,2015,Tigray,13.3742,39.0925,Farm trial
699,2013,Tigray,13.3742,39.0925,Farm trial
700,2015,Tigray,13.3742,39.0925,Farm trial
701,2013,Tigray,13.3742,39.0925,Farm trial
702,2013,Tigray,13.3742,39.0925,Farm trial
703,2014,Oromia,9.87125,39.174056,Farm trial
704,2014,Amhara,11.69411,38.70289,Farm trial
705,2014,Amhara,11.81736829,38.69348853,Farm trial
707,2014,Amhara,11.64413,38.92404,Farm trial
708,2014,Amhara,11.70465,38.76647,Farm trial
709,2014,Amhara,11.67249,38.68759,Farm trial
710,2014,Oromia,9.864889,39.195056,Farm trial
713,2014,Amhara,11.716176,38.963118,Farm trial
714,2014,Oromia,8.783056,39.243194,Farm trial
715,2015,Oromia,8.756694,39.248194,Farm trial
716,2015,Oromia,9.050222,39.181778,Farm trial
717,2015,Oromia,8.966722,39.067333,Farm trial
718,2014,Oromia,8.955333,39.097972,Farm trial
719,2014,Oromia,9.917611,39.194,Farm trial
720,2014,Oromia,9.798611,39.185222,Farm trial
721,2015,Oromia,8.755556,39.235833,Farm trial
722,2014,Amhara,11.81898081,38.69609385,Farm trial
723,2014,Oromia,9.799444,39.185611,Farm trial
724,2014,Oromia,9.936333,39.215444,Farm trial
725,2014,Amhara,11.7268,38.74248,Farm trial
726,2014,Amhara,11.72364,38.74652,Farm trial
727,2014,Amhara,11.718192,38.961236,Farm trial
728,2014,Amhara,11.735392,38.74086,Farm trial
729,2013,Amhara,11.67325,38.86322,Farm trial
730,2013,Amhara,11.6652,38.87004,Farm trial
731,2014,Amhara,11.705297,38.967299,Farm trial
732,2014,Amhara,11.81464734,38.6945197,Farm trial
737,2014,Amhara,11.81779436,38.69444277,Farm trial
738,2014,Amhara,11.64564,38.92352,Farm trial
739,2014,Oromia,9.8955,39.199861,Farm trial
740,2013,Tigray,13.3742,39.0925,Farm trial
741,2015,Tigray,13.3742,39.0925,Farm trial
742,2013,Tigray,13.3742,39.0925,Farm trial
743,2014,Oromia,9.895833,39.188056,Farm trial
744,2013,Tigray,13.3742,39.0925,Farm trial
745,2015,Oromia,8.789278,39.237167,Farm trial
746,2014,Amhara,11.70451,38.76416,Farm trial
747,2014,Amhara,11.70802,38.75913,Farm trial
748,2015,Tigray,13.3742,39.0925,Farm trial
749,2013,Tigray,13.3742,39.0925,Farm trial
750,2015,Tigray,13.3648,39.115,Farm trial
751,2015,Tigray,13.3742,39.0925,Farm trial
752,2015,Tigray,13.3742,39.0925,Farm trial
753,2013,Tigray,13.3742,39.0925,Farm trial
754,2015,Tigray,13.3742,39.0925,Farm trial
755,2015,Oromia,9.801222,39.181111,Farm trial
756,2013,Tigray,13.3742,39.0925,Farm trial
758,2014,Oromia,8.984556,39.084111,Farm trial
759,2014,Oromia,8.966417,39.084806,Farm trial
760,2015,Tigray,13.3742,39.0925,Farm trial
761,2014,Amhara,11.77728,39.02306,Farm trial
762,2014,Oromia,8.965694,39.17575,Farm trial
763,2014,Oromia,9.896028,39.210028,Farm trial
764,2014,Oromia,10.009389,39.245194,Farm trial
765,2015,Oromia,8.948444,39.092361,Farm trial
766,2015,Oromia,8.944194,39.188861,Farm trial
767,2015,Oromia,8.768194,39.253472,Farm trial
768,2015,Oromia,8.733833,39.23975,Farm trial
769,2014,Oromia,8.947583,39.192194,Farm trial
770,2015,Oromia,9.801222,39.181111,Farm trial
772,2014,Oromia,8.948556,39.097694,Farm trial
773,2014,Oromia,8.978472,39.080306,Farm trial
774,2015,Oromia,8.731083,39.240528,Farm trial
775,2015,Tigray,13.3742,39.0925,Farm trial
776,2015,Tigray,13.3846,39.0824,Farm trial
777,2015,Tigray,13.3742,39.0925,Farm trial
778,2015,Tigray,13.3742,39.0925,Farm trial
779,2014,Oromia,8.728361,39.203472,Farm trial
781,2014,Amhara,11.67813,38.69022,Farm trial
782,2014,Amhara,11.64413,38.92404,Farm trial
783,2014,Amhara,11.64413,38.92404,Farm trial
784,2014,Amhara,11.64413,38.92404,Farm trial
785,2014,Amhara,11.64413,38.92404,Farm trial
786,2014,Amhara,11.64413,38.92404,Farm trial
787,2014,Amhara,11.64066,38.91914,Farm trial
788,2014,Amhara,11.718192,38.961236,Farm trial
789,2014,Oromia,8.974972,39.069972,Farm trial
790,2014,Oromia,8.765111,39.272667,Farm trial
791,2015,Tigray,13.3742,39.0925,Farm trial
792,2013,Tigray,13.3742,39.0925,Farm trial
793,2015,Oromia,9.061111,39.179917,Farm trial
794,2015,Oromia,8.938194,39.085111,Farm trial
795,2015,Oromia,8.964583,39.176806,Farm trial
796,2014,Oromia,9.940528,39.210778,Farm trial
797,2014,Oromia,9.763972,39.126028,Farm trial
799,2014,Amhara,11.731456,38.751456,Farm trial
800,2014,Amhara,11.78655,39.01696,Farm trial
801,2014,Amhara,11.731456,38.751456,Farm trial
802,2015,Oromia,9.057917,39.175972,Farm trial
803,2014,Amhara,11.68354,38.69114,Farm trial
804,2014,Amhara,11.69637,38.75881,Farm trial
806,2013,Amhara,11.67562,38.87476,Farm trial
807,2013,Amhara,11.70623,38.75922,Farm trial
808,2015,Tigray,13.3742,39.0925,Farm trial
809,2015,Tigray,13.3742,39.0925,Farm trial
810,2013,Tigray,13.3742,39.0925,Farm trial
811,2013,Tigray,13.3742,39.0925,Farm trial
812,2015,Tigray,13.3946,39.0748,Farm trial
813,2014,Amhara,11.67287,38.8672,Farm trial
815,2015,Tigray,13.3742,39.0925,Farm trial
816,2014,Amhara,11.70623,38.75922,Farm trial
817,2015,Tigray,13.3742,39.0925,Farm trial
818,2015,Oromia,8.730778,39.238806,Farm trial
821,2014,Oromia,8.753111,39.2225,Farm trial
822,2015,Oromia,8.944028,39.175028,Farm trial
823,2014,Amhara,11.81428794,38.68020875,Farm trial
824,2015,Oromia,8.767611,39.253028,Farm trial
825,2015,Oromia,8.739806,39.237722,Farm trial
826,2014,Oromia,9.893472,39.187889,Farm trial
827,2014,Amhara,11.72745,38.7589,Farm trial
828,2014,Oromia,9.881694,39.172917,Farm trial
829,2014,Amhara,11.731456,38.751456,Farm trial
830,2014,Amhara,11.73862,38.75683,Farm trial
831,2014,Amhara,11.72374,38.970725,Farm trial
832,2014,Amhara,11.718928,38.966338,Farm trial
835,2014,Amhara,11.7077,38.76748,Farm trial
836,2013,Tigray,13.3742,39.0925,Farm trial
837,2015,Oromia,8.978194,39.077611,Farm trial
838,2015,Oromia,8.946306,39.094639,Farm trial
839,2015,Oromia,8.944028,39.175028,Farm trial
840,2014,Amhara,11.70315,38.75713,Farm trial
841,2014,Amhara,11.724008,38.97092,Farm trial
842,2015,Oromia,8.964889,39.176111,Farm trial
843,2014,Oromia,9.779694,39.191028,Farm trial
844,2013,Tigray,13.3742,39.0925,Farm trial
845,2015,Tigray,13.3742,39.0925,Farm trial
847,2014,Amhara,11.64212,38.91624,Farm trial
848,2014,Amhara,11.64212,38.91624,Farm trial
849,2014,Amhara,11.706276,38.946758,Farm trial
851,2014,Amhara,11.72146,38.968789,Farm trial
852,2014,Amhara,11.70462,38.76567,Farm trial
853,2014,Oromia,9.939833,39.204111,Farm trial
854,2015,Oromia,9.062278,39.1815,Farm trial
855,2014,Oromia,10.015861,39.241889,Farm trial
856,2014,Oromia,9.893778,39.191944,Farm trial
859,2015,Oromia,8.977139,39.078639,Farm trial
860,2013,Tigray,13.3742,39.0925,Farm trial
861,2015,Oromia,8.977361,39.079389,Farm trial
862,2015,Oromia,8.959222,39.165639,Farm trial
863,2014,Amhara,11.64413,38.92404,Farm trial
864,2014,Amhara,11.74652,38.75091,Farm trial
865,2014,Amhara,11.734765,38.74398,Farm trial
866,2014,Amhara,11.718192,38.961236,Farm trial
868,2014,Amhara,11.64413,38.92404,Farm trial
870,2014,Amhara,11.718192,38.961236,Farm trial
871,2014,Amhara,11.77613,39.02399,Farm trial
872,2014,Amhara,11.67919,38.69095,Farm trial
873,2014,Oromia,9.939222,39.206083,Farm trial
874,2014,Amhara,11.77737,39.01491,Farm trial
875,2015,Tigray,13.3742,39.0925,Farm trial
876,2014,Oromia,9.916472,39.170944,Farm trial
877,2013,Amhara,11.70623,38.75922,Farm trial
878,2014,Amhara,11.70834,38.7662,Farm trial
879,2014,Amhara,11.81556947,38.69424328,Farm trial
880,2014,Oromia,9.054028,39.126528,Farm trial
881,2014,Oromia,9.782139,39.118333,Farm trial
883,2014,Amhara,11.67813,38.69022,Farm trial
884,2014,Amhara,11.787,39.01117,Farm trial
885,2014,Amhara,11.78826,39.00372,Farm trial
886,2013,Amhara,11.714173,38.950986,Farm trial
887,2014,Amhara,11.718192,38.961236,Farm trial
888,2014,Amhara,11.720692,38.968195,Farm trial
889,2014,Amhara,11.65015,38.92319,Farm trial
890,2014,Amhara,11.70214,38.75756,Farm trial
891,2013,Amhara,11.70623,38.75922,Farm trial
892,2014,Amhara,11.70623,38.75922,Farm trial
893,2013,Amhara,11.67202,38.86536,Farm trial
895,2013,Tigray,13.3742,39.0925,Farm trial
896,2014,Amhara,11.731456,38.751456,Farm trial
897,2014,Oromia,9.859694,39.185417,Farm trial
899,2013,Tigray,13.3742,39.0925,Farm trial
900,2015,Tigray,13.3742,39.0925,Farm trial
901,2014,Amhara,11.64384,38.92133,Farm trial
904,2014,Amhara,11.68161,38.69455,Farm trial
905,2013,Tigray,13.3742,39.0925,Farm trial
907,2015,Tigray,13.3742,39.0925,Farm trial
908,2014,Oromia,8.760444,39.275778,Farm trial
909,2015,Oromia,8.950889,39.098556,Farm trial
910,2015,Tigray,13.3742,39.0925,Farm trial
911,2014,Amhara,11.73335,38.73975,Farm trial
912,2014,Amhara,11.7903,39.02022,Farm trial
913,2015,Oromia,9.050222,39.181778,Farm trial
914,2014,Amhara,11.64089,38.92866,Farm trial
915,2014,Amhara,11.70917,38.762,Farm trial
916,2015,Oromia,8.773639,39.257417,Farm trial
918,2015,Tigray,13.3742,39.0925,Farm trial
919,2013,Tigray,13.3742,39.0925,Farm trial
920,2015,Oromia,8.966361,39.090667,Farm trial
921,2015,Oromia,8.948639,39.090694,Farm trial
922,2014,Oromia,8.944278,39.082306,Farm trial
923,2014,Oromia,8.977306,39.083694,Farm trial
924,2015,Tigray,13.3742,39.0925,Farm trial
926,2014,Oromia,8.732361,39.206389,Farm trial
927,2014,Oromia,9.032972,39.134528,Farm trial
928,2015,Oromia,8.9655,39.085611,Farm trial
929,2013,Tigray,13.3742,39.0925,Farm trial
930,2013,Tigray,13.3742,39.0925,Farm trial
931,2015,Oromia,9.801222,39.181111,Farm trial
932,2013,Tigray,13.3742,39.0925,Farm trial
933,2013,Tigray,13.3742,39.0925,Farm trial
934,2014,Amhara,11.715781,38.966915,Farm trial
935,2013,Tigray,13.3742,39.0925,Farm trial
936,2014,Oromia,9.786333,39.193889,Farm trial
937,2015,Tigray,13.3707,39.08,Farm trial
938,2013,Amhara,11.70623,38.75922,Farm trial
939,2014,Amhara,11.70623,38.75922,Farm trial
940,2015,Oromia,8.941444,39.183917,Farm trial
941,2015,Tigray,13.3742,39.0925,Farm trial
942,2015,Tigray,13.3742,39.0925,Farm trial
943,2014,Amhara,11.714171,38.969242,Farm trial
944,2014,Amhara,11.721902,38.969496,Farm trial
945,2015,Tigray,13.3742,39.0925,Farm trial
947,2014,Amhara,11.6486,38.92529,Farm trial
948,2013,Amhara,11.709753,38.964096,Farm trial
949,2014,Amhara,11.67813,38.69022,Farm trial
950,2015,Oromia,8.951278,39.178194,Farm trial
951,2015,Oromia,8.949139,39.182639,Farm trial
952,2015,Oromia,8.758028,39.234917,Farm trial
953,2014,Oromia,9.775917,39.14075,Farm trial
954,2015,Oromia,8.784194,39.222472,Farm trial
955,2014,Oromia,9.929528,39.190611,Farm trial
956,2014,Oromia,9.895083,39.196806,Farm trial
957,2015,Oromia,9.043083,39.179556,Farm trial
958,2015,Oromia,8.944028,39.175028,Farm trial
959,2014,Oromia,8.784,39.235611,Farm trial
960,2015,Oromia,8.773389,39.247333,Farm trial
961,2015,Oromia,9.801222,39.181111,Farm trial
962,2015,Oromia,9.061111,39.179917,Farm trial
965,2014,Oromia,9.778639,39.189889,Farm trial
966,2014,Amhara,11.67897,38.69042,Farm trial
967,2014,Amhara,11.70623,38.75922,Farm trial
968,2013,Amhara,11.70269,38.75876,Farm trial
969,2014,Amhara,11.733649,38.744496,Farm trial
970,2014,Amhara,11.81314806,38.69631142,Farm trial
971,2014,Amhara,11.67036,38.68385,Farm trial
972,2014,Amhara,11.78812,39.0015,Farm trial
973,2014,Amhara,11.64233,38.92144,Farm trial
974,2014,Amhara,11.79146,39.0167,Farm trial
975,2014,Amhara,11.77803,39.02333,Farm trial
976,2014,Amhara,11.81847886,38.68362801,Farm trial
977,2015,Oromia,8.952139,39.098667,Farm trial
978,2015,Oromia,8.756694,39.248194,Farm trial
979,2015,Oromia,8.952472,39.099056,Farm trial
980,2014,Amhara,11.70217,38.7592,Farm trial
981,2015,Oromia,8.944028,39.175028,Farm trial
982,2014,Oromia,8.974389,39.0785,Farm trial
983,2013,Tigray,13.3742,39.0925,Farm trial
984,2014,Oromia,9.895139,39.202444,Farm trial
985,2014,Oromia,9.778222,39.139556,Farm trial
986,2013,Tigray,13.3742,39.0925,Farm trial
987,2015,Tigray,13.3742,39.0925,Farm trial
988,2015,Tigray,13.3648,39.115,Farm trial
989,2015,Tigray,13.3742,39.0925,Farm trial
990,2013,Tigray,13.3742,39.0925,Farm trial
991,2013,Tigray,13.3742,39.0925,Farm trial
992,2014,Oromia,9.009583,39.148444,Farm trial
993,2014,Oromia,8.785111,39.237528,Farm trial
994,2015,Tigray,13.3742,39.0925,Farm trial
995,2013,Tigray,13.3742,39.0925,Farm trial
996,2013,Tigray,13.3742,39.0925,Farm trial
997,2014,Amhara,11.718192,38.961236,Farm trial
998,2014,Oromia,9.924361,39.194389,Farm trial
999,2015,Tigray,13.3546,39.1122,Farm trial
1000,2013,Amhara,11.70623,38.75922,Farm trial
1002,2014,Oromia,8.951139,39.179833,Farm trial
1003,2014,Oromia,9.93775,39.203806,Farm trial
1004,2014,Amhara,11.718908,38.966657,Farm trial
1005,2014,Amhara,11.69338,38.76033,Farm trial
1006,2015,Oromia,8.773639,39.257417,Farm trial
1007,2015,Oromia,8.768194,39.253472,Farm trial
1008,2015,Oromia,9.801222,39.181111,Farm trial
1009,2015,Oromia,8.947306,39.093,Farm trial
1010,2014,Oromia,8.747528,39.223222,Farm trial
1011,2015,Tigray,13.3742,39.0925,Farm trial
1012,2014,Oromia,8.720806,39.212194,Farm trial
1013,2014,Oromia,8.779667,39.232833,Farm trial
1014,2014,Oromia,8.7795,39.234528,Farm trial
1015,2015,Oromia,8.767611,39.253028,Farm trial
1016,2015,Oromia,8.755639,39.249167,Farm trial
1017,2015,Oromia,8.944028,39.175028,Farm trial
1018,2014,Amhara,11.70816,38.75858,Farm trial
1019,2013,Tigray,13.3742,39.0925,Farm trial
1020,2014,Oromia,9.896306,39.157222,Farm trial
1022,2014,Amhara,11.81736829,38.69348853,Farm trial
1023,2014,Amhara,11.78589,39.02412,Farm trial
1024,2014,Oromia,9.897917,39.167222,Farm trial
1025,2014,Amhara,11.64212,38.91624,Farm trial
1026,2014,Amhara,11.64212,38.91624,Farm trial
1027,2014,Oromia,9.938,39.21125,Farm trial
1028,2013,Tigray,13.3742,39.0925,Farm trial
1029,2013,Tigray,13.3742,39.0925,Farm trial
1030,2015,Tigray,13.3659,39.1124,Farm trial
1031,2015,Tigray,13.3742,39.0925,Farm trial
1032,2015,Tigray,13.3742,39.0925,Farm trial
1033,2015,Tigray,13.3846,39.0824,Farm trial
1034,2015,Tigray,13.3742,39.0925,Farm trial
1035,2015,Tigray,13.3742,39.0925,Farm trial
1036,2015,Tigray,13.3742,39.0925,Farm trial
1037,2015,Oromia,8.944028,39.175028,Farm trial
1038,2015,Oromia,8.773639,39.257417,Farm trial
1039,2014,Amhara,11.720389,38.968291,Farm trial
1040,2014,Amhara,11.68174,38.69445,Farm trial
1041,2014,Amhara,11.68206,38.6877,Farm trial
1042,2014,Amhara,11.67813,38.69022,Farm trial
1043,2014,Oromia,8.771444,39.278278,Farm trial
1044,2014,Amhara,11.81845115,38.69975725,Farm trial
1045,2014,Amhara,11.74683,38.75077,Farm trial
1046,2015,Tigray,13.3742,39.0925,Farm trial
1047,2014,Oromia,10.008611,39.241639,Farm trial
1048,2013,Tigray,13.3742,39.0925,Farm trial
1049,2013,Tigray,13.3742,39.0925,Farm trial
1050,2015,Tigray,13.3742,39.0925,Farm trial
1051,2014,Oromia,10.016222,39.240639,Farm trial
1053,2014,Amhara,11.67813,38.69022,Farm trial
1054,2014,Amhara,11.66967,38.6836,Farm trial
1055,2014,Amhara,11.82127065,38.70645562,Farm trial
1057,2015,Oromia,8.962778,39.087361,Farm trial
1058,2014,Oromia,9.798083,39.188389,Farm trial
1059,2015,Oromia,8.773639,39.257417,Farm trial
1060,2015,Oromia,9.052639,39.182083,Farm trial
1062,2014,Amhara,11.67813,38.69022,Farm trial
1063,2015,Oromia,8.773639,39.257417,Farm trial
1064,2014,Amhara,11.67282,38.68653,Farm trial
1065,2014,Amhara,11.68423,38.68651,Farm trial
1066,2015,Oromia,8.767417,39.252056,Farm trial
1067,2015,Oromia,8.773639,39.257417,Farm trial
1068,2014,Oromia,8.772472,39.280056,Farm trial
1069,2015,Oromia,8.944028,39.175028,Farm trial
1070,2015,Oromia,8.773639,39.257417,Farm trial
1071,2014,Oromia,9.856556,39.188361,Farm trial
1073,2013,Tigray,13.3659,39.1124,Farm trial
1074,2014,Amhara,11.81736829,38.69348853,Farm trial
1075,2015,Oromia,8.773639,39.257417,Farm trial
1076,2014,Amhara,11.720438,38.96286,Farm trial
1077,2014,Amhara,11.721368,38.96916,Farm trial
1078,2013,Tigray,13.3742,39.0925,Farm trial
1079,2014,Amhara,11.731456,38.751456,Farm trial
1081,2014,Amhara,11.716781,38.959369,Farm trial
1083,2014,Amhara,11.70894,38.7665,Farm trial
1084,2014,Amhara,11.81907635,38.69243093,Farm trial
1085,2015,Tigray,13.3742,39.0925,Farm trial
1086,2014,Oromia,8.737639,39.21075,Farm trial
1087,2014,Oromia,9.932056,39.176694,Farm trial
1088,2014,Oromia,8.743806,39.224833,Farm trial
1089,2014,Oromia,8.727333,39.214861,Farm trial
1090,2013,Tigray,13.3742,39.0925,Farm trial
1092,2014,Amhara,11.74227,38.73642,Farm trial
1095,2015,Tigray,13.3742,39.0925,Farm trial
1096,2015,Tigray,13.3742,39.0925,Farm trial
1097,2015,Tigray,13.3742,39.0925,Farm trial
1098,2015,Tigray,13.3742,39.0925,Farm trial
1099,2014,Amhara,11.70264,38.75928,Farm trial
1100,2014,Amhara,11.735007,38.746029,Farm trial
1101,2015,Oromia,8.944028,39.175028,Farm trial
1102,2014,Amhara,11.715978,38.960954,Farm trial
1103,2014,Amhara,11.78954,39.01519,Farm trial
1105,2014,Oromia,10.016972,39.237778,Farm trial
1106,2014,Amhara,11.81899069,38.69687414,Farm trial
1108,2014,Oromia,9.782417,39.123861,Farm trial
1109,2015,Oromia,8.951583,39.17925,Farm trial
1110,2015,Oromia,9.801222,39.181111,Farm trial
1111,2015,Oromia,8.788917,39.238694,Farm trial
1112,2014,Oromia,9.04025,39.128861,Farm trial
1113,2014,Oromia,8.96675,39.078417,Farm trial
1114,2014,Oromia,8.755722,39.224056,Farm trial
1115,2015,Tigray,13.3742,39.0925,Farm trial
1116,2013,Tigray,13.3742,39.0925,Farm trial
1117,2015,Tigray,13.3742,39.0925,Farm trial
1118,2013,Tigray,13.3742,39.0925,Farm trial
1119,2015,Tigray,13.3742,39.0925,Farm trial
1120,2015,Tigray,13.3742,39.0925,Farm trial
1121,2015,Tigray,13.3742,39.0925,Farm trial
1122,2015,Tigray,13.3742,39.0925,Farm trial
1123,2013,Tigray,13.3742,39.0925,Farm trial
1124,2015,Tigray,13.3742,39.0925,Farm trial
1125,2015,Tigray,13.3742,39.0925,Farm trial
1126,2013,Tigray,13.3742,39.0925,Farm trial
1127,2013,Tigray,13.3742,39.0925,Farm trial
1128,2013,Tigray,13.3742,39.0925,Farm trial
1129,2015,Oromia,8.773389,39.247333,Farm trial
1130,2014,Oromia,9.799222,39.181556,Farm trial
1131,2014,Amhara,11.81739978,38.69755521,Farm trial
1132,2014,Amhara,11.81722435,38.68589689,Farm trial
1133,2014,Amhara,11.731456,38.751456,Farm trial
1134,2014,Amhara,11.731456,38.751456,Farm trial
1135,2014,Amhara,11.706735,38.945896,Farm trial
1136,2015,Oromia,8.784361,39.242806,Farm trial
1137,2015,Tigray,13.3742,39.0925,Farm trial
1138,2015,Tigray,13.3742,39.0925,Farm trial
1139,2015,Tigray,13.3742,39.0925,Farm trial
1141,2015,Tigray,13.3742,39.0925,Farm trial
1142,2015,Tigray,13.3742,39.0925,Farm trial
1143,2015,Tigray,13.3742,39.0925,Farm trial
1144,2014,Oromia,9.925583,39.185861,Farm trial
1145,2014,Amhara,11.78959,39.02021,Farm trial
1146,2014,Amhara,11.82799047,38.59018064,Farm trial
1147,2014,Oromia,9.857833,39.18925,Farm trial
1148,2014,Amhara,11.731456,38.751456,Farm trial
1149,2014,Amhara,11.82840382,38.58835316,Farm trial
1150,2014,Oromia,9.001833,39.142472,Farm trial
1151,2015,Oromia,9.062278,39.1815,Farm trial
1152,2015,Oromia,9.060972,39.178194,Farm trial
1153,2015,Oromia,9.043083,39.179556,Farm trial
1154,2014,Amhara,11.69626,38.76011,Farm trial
1155,2014,Amhara,11.64128,38.91828,Farm trial
1156,2015,Oromia,8.947028,39.094167,Farm trial
1157,2014,Amhara,11.64212,38.91624,Farm trial
1158,2014,Oromia,8.986361,39.090028,Farm trial
1159,2014,Amhara,11.68643,38.69823,Farm trial
1160,2015,Oromia,9.055472,39.173583,Farm trial
1161,2014,Amhara,11.70843,38.75939,Farm trial
1163,2014,Oromia,9.891111,39.192917,Farm trial
1164,2014,Oromia,9.995333,39.239917,Farm trial
1165,2015,Tigray,13.3742,39.0925,Farm trial
1166,2015,Oromia,8.969194,39.094889,Farm trial
1167,2015,Tigray,13.3742,39.0925,Farm trial
1168,2014,Oromia,8.964167,39.081111,Farm trial
1172,2014,Oromia,9.90275,39.202139,Farm trial
1174,2014,Oromia,8.953389,39.098611,Farm trial
1175,2014,Oromia,8.740472,39.224639,Farm trial
1176,2014,Oromia,8.785583,39.245944,Farm trial
1177,2015,Oromia,8.762389,39.251806,Farm trial
1178,2014,Oromia,9.8695,39.175444,Farm trial
1179,2014,Amhara,11.82412738,38.58286988,Farm trial
1181,2015,Oromia,8.947306,39.092472,Farm trial
1182,2014,Amhara,11.67813,38.69022,Farm trial
1185,2014,Amhara,11.704313,38.967679,Farm trial
1186,2014,Amhara,11.716355,38.964966,Farm trial
1187,2014,Amhara,11.81736829,38.69348853,Farm trial
1189,2014,Amhara,11.83099717,38.5931873,Farm trial
1193,2014,Amhara,11.67001,38.68509,Farm trial
1194,2014,Amhara,11.8196045,38.68748232,Farm trial
1195,2015,Tigray,13.3742,39.0925,Farm trial
1196,2013,Amhara,11.81736829,38.69348853,Farm trial
1197,2014,Amhara,11.732102,38.745549,Farm trial
1198,2014,Amhara,11.734997,38.730712,Farm trial
1199,2014,Amhara,11.74227,38.7341,Farm trial
1201,2014,Amhara,11.78655,39.01696,Farm trial
1202,2014,Oromia,9.78175,39.123444,Farm trial
1203,2014,Amhara,11.82977839,38.58835111,Farm trial
1204,2014,Oromia,9.894778,39.193278,Farm trial
1205,2015,Oromia,8.94325,39.185667,Farm trial
1206,2014,Oromia,9.935806,39.215472,Farm trial
1207,2013,Amhara,11.70923,38.75722,Farm trial
1208,2014,Amhara,11.67813,38.69022,Farm trial
1209,2015,Oromia,9.801222,39.181111,Farm trial
1210,2014,Oromia,9.8575,39.189694,Farm trial
1211,2015,Tigray,13.3742,39.0925,Farm trial
1212,2014,Oromia,8.769639,39.275944,Farm trial
1213,2014,Amhara,11.7903,39.02114,Farm trial
1214,2013,Tigray,13.3742,39.0925,Farm trial
1215,2015,Tigray,13.3742,39.0925,Farm trial
1216,2014,Amhara,11.73172,38.75739,Farm trial
1217,2015,Tigray,13.3742,39.0925,Farm trial
1218,2015,Tigray,13.3742,39.0925,Farm trial
1219,2015,Tigray,13.3742,39.0925,Farm trial
1220,2013,Tigray,13.3742,39.0925,Farm trial
1221,2014,Oromia,8.769806,39.269972,Farm trial
1222,2015,Oromia,8.784167,39.235361,Farm trial
1224,2014,Oromia,9.916444,39.194056,Farm trial
1225,2014,Oromia,9.042389,39.134361,Farm trial
xxx,2012,Amhara,11.666667,38.866667,Station trial
yyy,2012,Tigray,13.65,39.166667,Station trial
