Code,Genotype,DF,DM,BY,GY,Site,Landrace
1,Kilinto,73.4,120,5.34,1.97,Unknown,1
2,Robe,74,116.6,7.17,2.71,Unknown,1
3,BICHENA,74,120.4,6.45,2.42,Unknown,1
4,DENBI,74.7,118.7,5.95,2.25,Unknown,1
5,ARENDATO,76.1,116.6,6.47,2.22,Unknown,1
6,TOB-66,72.9,120.1,5.53,1.88,Unknown,1
7,WERER,78.5,119.3,6.57,2.53,Unknown,1
8,BOOHAI,72.5,118.4,6.83,2.43,Unknown,1
9,GINCHI,75.2,119.8,5.81,1.93,Unknown,1
10,LD-357,72,119.1,6.85,2.6,Unknown,1
11,YERER,76.8,119,5.95,2.11,Unknown,1
12,GERARDO,74.3,118.3,6.71,2.53,Unknown,1
13,Mukiye,71.8,117.3,6.3,2.59,Unknown,1
14,Mangudo,75.3,118.4,6.37,2.43,Unknown,1
15,214494,75.5,118.6,8.15,2.8,Unknown,0
16,206576,78.7,117.4,6.46,2.23,Unknown,0
17,Assassa,74,121.7,5.9,2.06,Unknown,1
18,5679,78,117.6,7.57,2.49,Unknown,0
19,228862,74.7,116.8,8.1,3.04,Unknown,0
20*,222297,77.2,118,8.53,3.05,Unknown,0
21,208474,76.5,119.7,6.9,2.64,Unknown,0
22,222736,76.3,119.9,7.33,2.5,Unknown,0
23,208327,74.4,114,7.25,2.62,Unknown,0
24,208276A,78.3,116.4,6.65,2.37,Unknown,0
25,228771,75.6,118.9,7.14,2.63,Unknown,0
26,226973B,81.5,119.3,6.2,2.18,Unknown,0
27,Quamy,75.7,123.7,5.42,2.59,Unknown,1
28*,214599,75,115.4,7.36,2.66,Unknown,0
29,Hetosa,72.8,119,5.68,2.4,Unknown,1
30,206548,75.3,117.1,6.34,2.24,Unknown,0
31,Metaya,72.8,118.3,5.73,2.23,Unknown,1
32,Megenagna,73.9,117.3,6.2,2.31,Unknown,1
33,Selam,73.6,120.8,6.58,2.12,Unknown,1
34,Foka,73.3,120.2,4.68,1.64,Unknown,1
35,Ude,73.2,118,5.77,2.27,Unknown,1
36*,226973A,81,126.8,6.55,2.35,Unknown,0
37,226840,86.7,121.2,7.1,2.43,Unknown,0
38,208482,77.5,117.3,7.75,2.75,Unknown,0
39,208227,86.9,121.9,8.31,2.96,Unknown,0
40*,238125,75.3,119.4,9,2.95,Unknown,0
41,238137A,76.8,119.8,7.66,2.84,Unknown,0
42,222352,75.6,113.6,6.55,2.39,Unknown,0
43,208373A,79.1,116.5,7.55,2.69,Unknown,0
44,215276,76.9,117.4,7.69,2.87,Unknown,0
45,222434,76.7,117.3,7.85,3.07,Unknown,0
46,208746A,73.6,118.7,7.19,2.69,Unknown,0
47,206551A,76.7,117.4,7.27,2.63,Unknown,0
48,208309,77.2,118.2,6.11,2.26,Unknown,0
49,208286,84.5,122.4,7.06,2.53,Unknown,0
50*,228762,72.1,119.5,7.93,2.9,Unknown,0
51*,222660,76.4,117.2,7.67,2.85,Unknown,0
52,213310,77.1,119.2,7.28,2.5,Unknown,0
53*,238121,72.2,116.8,8.5,3.29,Unknown,0
54,238528,75.5,117.9,7.13,2.63,Unknown,0
55*,Workaye,72.7,116.5,7.62,3.16,Unknown,1
56,238555A,80.4,121.8,6.27,2.09,Unknown,0
57,8019,77.6,118.5,6.77,2.64,Unknown,0
58,8436,76.7,114.4,6.94,2.72,Unknown,0
59,238540C,82.4,120.6,6.88,2.38,Unknown,0
60,208264,75.6,116.7,7.65,2.75,Unknown,0
61,226191,75.8,116.6,6.83,2.44,Unknown,0
62,222360,83.9,124.3,7.86,2.94,Unknown,0
63,5654,81.4,120.5,6.25,2.22,Unknown,0
64,226834B,77.1,121.9,7.71,2.83,Unknown,0
65,208486,78.1,119.5,8.03,2.74,Unknown,0
66,236286,76.7,114.8,7.61,2.97,Unknown,0
67,8205,75.8,117.1,6.57,2.44,Unknown,0
68,226834A,79.3,120.1,7.08,2.74,Unknown,0
69,208365,74,113.9,6.99,2.67,Unknown,0
70*,208228,79.4,123.1,8.21,3.02,Unknown,0
71,222859,79.6,120.6,8.11,2.88,Unknown,0
72,222541,74.9,114.8,6.42,2.35,Unknown,0
73*,227061,62.1,111.1,5.11,2.07,Unknown,0
74,231580,75.9,118,7.65,2.86,Unknown,0
75*,226826,75.1,119.2,7.77,2.82,Unknown,0
76,222542,79,118.7,6.8,2.57,Unknown,0
77,222856,77.2,117.5,7.33,2.82,Unknown,0
78,222435,76.6,115.8,6.63,2.14,Unknown,0
79,222499A,73.8,117.2,7.44,2.59,Unknown,0
80*,Tossa,71.8,118.5,6.14,2.52,Unknown,1
81,222623,76.3,116.1,6.92,2.56,Unknown,0
82,236291,84.8,121.3,7.87,2.72,Unknown,0
83*,229251B,82.2,118.8,6.82,2.51,Unknown,0
84,208310,76.3,115.6,7.65,2.82,Unknown,0
85*,208318,75,116.9,7.5,2.75,Unknown,0
86,206556,85.2,121.5,6.67,2.58,Unknown,0
87,6856A,76.6,117,7.67,2.56,Unknown,0
88,208304,78.1,117.8,8.31,2.74,Unknown,0
89*,208282,74.8,114.4,7.01,2.69,Unknown,0
90,212561,82.5,120,8.21,3.14,Unknown,0
91,222440,73.6,115.1,6.62,2.56,Unknown,0
92,7960,86.5,117.2,6.66,2.43,Unknown,0
93,222805,83.1,121.9,7.12,2.43,Unknown,0
94,222578,76.6,116.8,7.41,2.77,Unknown,0
95*,216628B,74.5,121.4,5.84,2.55,Unknown,0
96,236309A,75.7,117.7,7.06,2.44,Unknown,0
97*,226363,79.1,121.2,7.89,2.73,Unknown,0
98*,238549,76.5,116.2,7.41,2.69,Unknown,0
99,210806A,83,121.1,5.64,2.03,Unknown,0
100*,222298,73.4,115.2,7.7,3.03,Unknown,0
101*,206551B,76.6,117.1,7.63,2.45,Unknown,0
102,222197A,76.4,119.2,6.19,2.12,Unknown,0
103*,238117,73.4,118.3,8.11,2.94,Unknown,0
104,238567,78.6,116.9,7.13,2.66,Unknown,0
105,222408,75,117,6.56,2.32,Unknown,0
106*,238126,74.8,119.4,7.5,2.63,Unknown,0
107*,208248,76.6,121.5,6.94,2.52,Unknown,0
108,226273,74.2,115.1,7.21,2.53,Unknown,0
109*,206548bl,74.7,115.2,7.92,2.82,Unknown,0
110,236313,78.2,118.1,6.69,2.25,Unknown,0
111,222441A,71.9,113.4,6.37,2.43,Unknown,0
112,222780,81.5,120.7,6.04,2.27,Unknown,0
113*,208167,81.6,120.5,7.59,2.89,Unknown,0
114*,222666,74.6,118.7,7.17,2.65,Unknown,0
115,222464,77,117.6,6.43,2.5,Unknown,0
116,208192,85.6,118.9,7.49,2.57,Unknown,0
117,238507,76.9,116.2,6.43,2.31,Unknown,0
118*,226894,83.2,120.7,6.85,2.27,Unknown,0
119,222811,83.3,120.5,6,2.26,Unknown,0
120,Flakit,70.8,117,5.23,2.2,Unknown,1
121*,227029B,83,124.3,6.22,2.12,Unknown,0
122,236303A,76.8,116.5,6.34,2.37,Unknown,0
123,208151B,78.1,120.9,6.7,2.47,Unknown,0
124,222387,76.3,114.1,6.13,2.15,Unknown,0
125,204470B,84.4,120.8,7.63,2.72,Unknown,0
126*,238504B,75.7,119,7.36,2.73,Unknown,0
127,222432,75.4,115,6.57,2.45,Unknown,0
128,206690,77.8,116.5,6.84,2.53,Unknown,0
129,215268BL,77.5,115.2,6.82,2.64,Unknown,0
130,222855,78.5,118.5,7.93,2.74,Unknown,0
131,208293,75.7,116.1,6.52,2.41,Unknown,0
132,210823A,72.4,116.3,6.76,2.64,Unknown,0
133,238561,79.4,119.3,6.57,2.38,Unknown,0
134,216628A,75.8,118.1,7.31,2.6,Unknown,0
135*,225844,76,120.7,6.88,2.42,Unknown,0
136,206518A,83.4,123.9,7.03,2.71,Unknown,0
137,238525B,78.3,116.6,5.94,2.08,Unknown,0
138*,236982,72,117.2,7.22,2.63,Unknown,0
139,222326,73.1,119.7,6.33,2.28,Unknown,0
140,238540D,77.9,118.5,6.7,2.49,Unknown,0
141*,208233,83.9,126.1,6.65,2.11,Unknown,0
142,GG2,76.2,119.9,7.02,2.35,Unknown,0
143,238119,74,116.4,6.84,2.42,Unknown,0
144,8214,84.1,118.7,5.23,1.9,Unknown,0
145,223257,74.3,114.4,7.23,2.88,Unknown,0
146,222641,76.9,120.5,7.18,2.72,Unknown,0
147,234498,75.2,117.1,6.49,2.31,Unknown,0
148*,238492A,73.9,117.2,7.76,3.02,Unknown,0
149,222554,75.1,115.2,7.51,2.58,Unknown,0
150*,Dinknesh,75.5,117.5,6,2.49,Unknown,1
151,208288,75.6,115.9,6.5,2.23,Unknown,0
152,236295,74.7,117.1,7.66,2.71,Unknown,0
153,203989,75.5,117.1,6.33,2.35,Unknown,0
154,231572,78.1,116.1,6.22,2.24,Unknown,0
155*,8210A,83.8,123.4,6.14,2.2,Unknown,0
156,216625,74.9,115.4,6.36,2.27,Unknown,0
157,222190,71.7,115.3,6.22,2.42,Unknown,0
158,210821,82.6,120.3,5.33,1.91,Unknown,0
159,236312A,75.4,117.6,7,2.73,Unknown,0
160,222419,75,115.5,7.14,2.41,Unknown,0
161,226951,75.5,120.2,7.13,2.61,Unknown,0
162*,226839,81.6,120.3,6.05,2.19,Unknown,0
163,236985A,74.6,115,7.99,2.76,Unknown,0
164,210825,77.1,120.5,6.81,2.43,Unknown,0
165,208873,71.8,114.9,5.59,2.17,Unknown,0
166,238492B,73.5,116.7,7.32,3.49,Unknown,0
167,5314,81.6,120.8,6.57,2.37,Unknown,0
168*,222457,76.7,121.4,7.11,2.57,Unknown,0
169,206551,76.5,117.8,8.04,3.02,Unknown,0
170*,216472,80,120.3,7.94,2.87,Unknown,0
171,222413,75.9,118.5,6.83,2.53,Unknown,0
172,222346,73.9,115.1,6.87,2.65,Unknown,0
173,214877,83.1,121.2,6.49,2.39,Unknown,0
174,248478,76.9,117.8,6.94,2.61,Unknown,0
175,208234A,86,121.8,6.63,2.28,Unknown,0
176,210806B,78.7,121.6,6.4,2.35,Unknown,0
177,239081A,88.4,125.7,6.73,2.52,Unknown,0
178,227056B,81.4,114.9,6.65,2.45,Unknown,0
179,222433,77,119.6,5.92,2.29,Unknown,0
180*,222530,79.6,117.4,5.01,1.89,Unknown,0
181,208151,77.6,119.3,6.39,2.37,Unknown,0
182,238540,74.1,112.4,6.73,2.62,Unknown,0
183,238504C,80.1,114.6,6.27,2.36,Unknown,0
184,208285,81.6,120.3,7.78,2.47,Unknown,0
185,208383B,83,121.3,6.17,1.91,Unknown,0
186,238522,87.6,122.9,7.54,2.9,Unknown,0
187,238576,73.8,120.1,7.02,2.74,Unknown,0
188*,236296,75.6,119.4,8.44,2.95,Unknown,0
189,212564,76.8,114.7,7.73,2.94,Unknown,0
190*,222841,79.2,120.2,6.72,2.8,Unknown,0
191,236989,78.2,118.3,7.14,2.73,Unknown,0
192,236282,73.3,109.3,5.02,1.94,Unknown,0
193,238531,77.1,116.4,6.37,2.34,Unknown,0
194,214585,77.3,117.5,7.13,2.63,Unknown,0
195,208239,78.9,119.4,6.97,2.71,Unknown,0
196,238537,73.9,115.6,7.5,2.78,Unknown,0
197,208161,79.5,125.5,6.93,2.41,Unknown,0
198,204488,76.7,116.6,6.07,2.41,Unknown,0
199,236987,75.8,117.5,5.77,2.4,Unknown,0
200*,210823C,75.7,116.8,7.69,2.24,Unknown,0
201,206700,76.9,120.5,7.99,3.11,Unknown,0
202,238579,85.2,124.2,6.08,2.07,Unknown,0
203,207058,83,120.7,7.37,2.63,Unknown,0
204,Mossobo,74,120.2,5.45,2.08,Unknown,1
205*,222707A,83,119.6,6.22,2.42,Unknown,0
206,210812A,77.4,119.4,7.12,2.5,Unknown,0
207,238546,76,117.7,7.92,2.77,Unknown,0
208,7961A,78.8,115.8,6.49,2.09,Unknown,0
209,222499B,77.4,118,8.72,3.06,Unknown,0
210,222426,78,121.2,7.89,2.65,Unknown,0
211,204562A,79.5,119.7,5.68,2.09,Unknown,0
212*,222198,80.6,126.5,7.41,2.78,Unknown,0
213*,238124B,76.6,120,8.88,3.22,Unknown,0
214,238504A,78.1,118.3,7.14,2.58,Unknown,0
215,222816B,75,114,7.21,2.62,Unknown,0
216,236276,77.1,115.7,6.98,2.75,Unknown,0
217,228593B,81.8,117.4,6.49,2.27,Unknown,0
218,5611,77.1,116,6.67,2.43,Unknown,0
219,227542,77.1,116.3,6.78,2.67,Unknown,0
220,8208,75.4,116.8,6.96,2.68,Unknown,0
221,236297,76.6,119.1,7.11,2.76,Unknown,0
222,208242,77.7,115.6,8.11,2.91,Unknown,0
223,208315,78.1,118,7.27,2.78,Unknown,0
224,228260A,82.8,121.7,8.03,2.83,Unknown,0
225,208290,73.6,120.2,5.95,2.04,Unknown,0
226,5300,81.7,118.6,7.75,2.58,Unknown,0
227,208311,76.6,118,8.86,3.1,Unknown,0
228*,208292,70.2,121.1,5.1,2.06,Unknown,0
229,222752,80.6,117.3,7.26,2.7,Unknown,0
230*,208189,75.9,120.5,6.39,2.46,Unknown,0
231,236271,81.1,124.8,7.52,2.63,Unknown,0
232,210796,76.8,118,6.97,2.67,Unknown,0
233,210798B,76.2,116.7,6.67,2.35,Unknown,0
234,238564A,78.3,119.3,6.76,2.43,Unknown,0
235,228768,79.3,122.3,6.71,2.2,Unknown,0
236,236278,75.1,115,6.91,2.8,Unknown,0
237,238519,75.3,117,6.6,2.42,Unknown,0
238,208279,81.2,118.4,8.38,3.03,Unknown,0
239*,226876,72.7,118.3,7.47,2.89,Unknown,0
240,231586,74.4,115.3,6.39,2.59,Unknown,0
241,231573,81.5,119.4,7,2.54,Unknown,0
242,208283,74.1,116.5,6.67,2.56,Unknown,0
243,231565,77,118.2,6.72,2.33,Unknown,0
244,214571,85.6,122.1,6.42,2.17,Unknown,0
245,208253,75.4,118,6.89,2.63,Unknown,0
246,206567,80.1,117.6,6.54,2.37,Unknown,0
247,229251,78.6,120.8,6.51,2.26,Unknown,0
248*,8051,79.5,117.2,6.2,2.14,Unknown,0
249,208252,75.3,116.1,7.49,2.77,Unknown,0
250,238552A,79.8,116.5,7.51,2.62,Unknown,0
251,208229,73.5,116.4,6.49,2.26,Unknown,0
252*,208203A,77.1,121.6,7.72,2.73,Unknown,0
253,8333A,75.6,119.4,7.09,2.87,Unknown,0
254*,222730,79.6,117.2,6.52,2.3,Unknown,0
255,208194,76.6,116.9,7.23,2.61,Unknown,0
256,208175,73.6,115,6.55,2.49,Unknown,0
257*,208222,85.3,123.1,7.22,2.45,Unknown,0
258,208146,76.3,118.4,6.73,2.5,Unknown,0
259,222806,75.5,113,7.01,2.34,Unknown,0
260,5588,80.9,117.2,6.2,2.13,Unknown,0
261,208322,78.3,118.1,7.97,3,Unknown,0
262,236300,83.9,119.6,6.59,2.5,Unknown,0
263,208332A,72,116.3,6.03,2.42,Unknown,0
264,208334,74.7,117.3,5.46,2.11,Unknown,0
265,226094,79.5,119.2,6.24,2.04,Unknown,0
266*,206554,74.8,119.7,7.6,2.78,Unknown,0
267,236979A,79.1,119.4,6.14,2.16,Unknown,0
268*,208230,74.6,119.4,9.02,3.22,Unknown,0
269,208190,79.3,118,5.84,1.95,Unknown,0
270*,210818,78.5,121.7,7.17,2.5,Unknown,0
271,208780,79.2,120.8,6.17,2.16,Unknown,0
272,236986,73.7,118.9,5.18,2.3,Unknown,0
273,204353,81,119.7,6.03,1.93,Unknown,0
274,210817B,82,120.5,7.45,2.65,Unknown,0
275,215111,73.9,111.1,5.84,2.51,Unknown,0
276,228763A,77.5,111.9,7.01,2.47,Unknown,0
277*,208151A,77.7,120.2,7.87,2.94,Unknown,0
278,222786,78.2,120,7.61,2.78,Unknown,0
279,236314B,81.7,122.6,7.68,2.62,Unknown,0
280,214357,84.7,122.2,9.99,2.67,Unknown,0
281,208196,78.8,117.9,7.28,2.66,Unknown,0
282,204530,83.4,119.7,6.41,2.26,Unknown,0
283,204493A,76.9,116.5,7.6,2.82,Unknown,0
284,222332,75.2,116.7,6.49,2.33,Unknown,0
285,208244,77.8,120.6,7.31,2.93,Unknown,0
286,210805A,77.1,116.3,6.79,2.34,Unknown,0
287,214874,74.7,117.7,7.01,2.75,Unknown,0
288,208328,84.5,122.8,8.23,2.86,Unknown,0
289,236301,75.2,115.5,7.01,2.61,Unknown,0
290,231547A,81.8,115.8,6.54,2.4,Unknown,0
291*,238132B,72.3,116.8,8.68,3.18,Unknown,0
292*,222537A,79.9,120.8,5.91,2.05,Unknown,0
293,208155,78.8,116.8,6.96,2.67,Unknown,0
294,8034A,79.1,120,5.25,2.06,Unknown,0
295,8034B,82.3,121,6.24,2.16,Unknown,0
296,231591A,83.6,121.5,6.94,2.43,Unknown,0
297*,238132A,75.1,119.2,7.82,3.11,Unknown,0
298*,210803,76.3,119.8,6.81,2.48,Unknown,0
299*,214328,83.8,118.3,7.68,2.72,Unknown,0
300,208131A,79.5,122.3,7.86,2.58,Unknown,0
301*,222787B,78.4,117.6,6.69,2.39,Unknown,0
302,210820B,81.5,115.4,6.83,2.63,Unknown,0
303,5634,80.6,120.4,5.99,2.27,Unknown,0
304,208136,80.9,121.9,6.64,2.39,Unknown,0
305,226357,75.5,113.4,6.7,2.48,Unknown,0
306,208294,83.6,118.8,6.37,2.4,Unknown,0
307,208336,75.4,113.9,7.09,2.35,Unknown,0
308,208173,77.9,121.6,6.23,2.3,Unknown,0
309,208184,76.9,124.5,7.15,2.62,Unknown,0
310*,236288,74.8,118.1,6.92,2.55,Unknown,0
311,238516,79.8,120.1,7.32,2.71,Unknown,0
312*,216472br,73.2,118.7,7.92,3.04,Unknown,0
313*,227063,80,117.8,7.57,2.84,Unknown,0
314,226371,76.4,119.8,7.52,2.66,Unknown,0
315*,208250,76.6,117.6,7.12,2.43,Unknown,0
316,234514,76.3,117.6,6.46,2.31,Unknown,0
317,222327A,72.9,115.5,6.3,2.5,Unknown,0
318,222327B,74.4,121,6.29,1.6,Unknown,0
319*,208277,75.8,118.5,7.81,2.6,Unknown,0
320,222655,77.6,117.1,7.53,2.62,Unknown,0
321,231524,74.5,114.6,6.63,2.55,Unknown,0
322*,208188,88.4,124.9,7.44,2.62,Unknown,0
323,238513,76.9,117.8,6.96,2.73,Unknown,0
324,234513,77,114.3,6.46,2.27,Unknown,0
325,208281,77.9,118,7.45,2.71,Unknown,0
326*,208256,90.6,126.1,7.51,2.65,Unknown,0
327,210801,78.8,115.3,7.55,2.91,Unknown,0
328,222854,79.9,117.3,6.8,2.63,Unknown,0
329,208162,73.6,115.4,7.44,2.78,Unknown,0
330,208168,74,115.1,6.99,2.68,Unknown,0
331*,228135,75.5,117.7,6.87,2.06,Unknown,0
332*,208336BL,73.6,118.2,6.99,2.6,Unknown,0
333,222500,75.2,116.7,7.15,2.6,Unknown,0
334,231597,77.7,117,7.08,2.64,Unknown,0
335,6856B,77.3,116.7,7.55,2.69,Unknown,0
336,222858,79.2,117.3,7.37,2.67,Unknown,0
337,222682,76.5,115.5,6.46,2.53,Unknown,0
338,206666,81.6,124,7.36,2.76,Unknown,0
339,208258,81.2,119.5,5.41,2.06,Unknown,0
340*,208221,75.8,118.3,7.59,2.79,Unknown,0
341*,222727,74.2,112.4,6.55,2.17,Unknown,0
342,226887,74.9,116,6.82,2.54,Unknown,0
343*,238340,79.1,123.5,7.61,2.61,Unknown,0
344,210813,78.1,117.9,6.85,2.56,Unknown,0
345,228600,72.8,117.6,6.17,2.21,Unknown,0
346*,208186,78,119.2,7.28,2.74,Unknown,0
347,210795,77,119.4,7.45,2.69,Unknown,0
348,226928,78.7,122,6.37,2.38,Unknown,0
349,238498br,82,121.8,6.22,2.15,Unknown,0
350,238498,75.9,115.9,7.5,2.6,Unknown,0
351,238133,74.5,117.2,7.09,2.38,Unknown,0
352,238139,73.5,119.3,8.14,2.22,Unknown,0
353,236308,77.4,118.5,7.93,3.06,Unknown,0
354,208200,81.3,122.5,6.85,2.49,Unknown,0
355,210816A,78.6,120.5,6,1.97,Unknown,0
356,210816B,69.9,121.6,5.31,1.75,Unknown,0
357*,208317,73.8,116.7,7.76,2.63,Unknown,0
358,222366,76.5,117.5,7.55,2.7,Unknown,0
359,208931,77.7,117,6.96,2.46,Unknown,0
360,238570,74.3,116,6.75,2.66,Unknown,0
361,208312,77,116.8,6.88,2.65,Unknown,0
362*,208209,80.1,121.3,7.54,2.5,Unknown,0
363,214303,82.2,120,6.47,2.56,Unknown,0
364,226825,85.6,121.9,6.8,2.53,Unknown,0
365*,236984,84.2,128.3,6.76,2.08,Unknown,0
366,208321,76.7,114.6,8.07,2.73,Unknown,0
367,208316,80,118.5,7.06,2.54,Unknown,0
368,238573,77,118.7,7.03,2.88,Unknown,0
369,215411,72.7,113.8,6.57,2.6,Unknown,0
370*,228753,70.2,117.9,5.72,2.75,Unknown,0
371,208262,77.9,121.3,7.43,2.4,Unknown,0
372,208243,83.7,121.6,6.67,2.21,Unknown,0
373,208280,76.6,117.1,7.58,2.68,Unknown,0
374*,216490,77.3,120.9,7.19,2.98,Unknown,0
375,222415,73.7,117.5,7.1,2.72,Unknown,0
376,208320,77,119,7.2,2.65,Unknown,0
377,210896,83.9,123.2,6.61,2.38,Unknown,0
378,238130,72.8,119,8.17,2.87,Unknown,0
379,210815,73.9,115.4,7.96,3.34,Unknown,0
380,214881,79.5,120.2,7.09,2.13,Unknown,0
381*,222462,72.5,120.4,7.43,2.76,Unknown,0
382,227009,78.9,116.7,6.57,2.43,Unknown,0
383,214366,79.3,118,7.5,2.91,Unknown,0
384*,208150,73.6,117.3,8.26,3.02,Unknown,0
385*,238120,73.1,117.4,7.84,2.8,Unknown,0
386,208215A,73.9,115.4,6.94,2.28,Unknown,0
387,222813,78,122.8,7.68,2.67,Unknown,0
388,202458,77.3,117.2,6.04,2.09,Unknown,0
389,202012,77.8,116.4,6.07,2.17,Unknown,0
390*,210823B,73.1,114.6,8.52,2.93,Unknown,0
391,227058,76.9,123.3,7.21,2.8,Unknown,0
392*,208481,82.4,123.9,6.98,2.4,Unknown,0
393,208273,80.5,122.1,8.18,2.87,Unknown,0
394*,238122,73.1,118,7.52,2.67,Unknown,0
395,5578A,78.6,116.8,6.4,2.23,Unknown,0
396,214502,80,118.6,7.65,2.83,Unknown,0
397,236269,75.5,116.2,7.32,2.33,Unknown,0
398,236988,72.2,119.2,5.35,2.11,Unknown,0
399*,227029,84.1,124.6,8.32,2.51,Unknown,0
400*,208278,75.3,118.7,6.6,2.57,Unknown,0
1,Kilinto,89.93,144.1,4.73,1.33,Genera,1
2,Robe,88.83,144.7,6.03,1.67,Genera,1
3,BICHENA,89.95,141.4,6.91,1.96,Genera,1
4,DENBI,88.78,142.8,5.55,1.79,Genera,1
5,ARENDATO,86.74,137.9,5.44,1.48,Genera,1
6,TOB-66,83.2,138.8,5.77,1.62,Genera,1
7,WERER,87.23,142.8,6.15,1.67,Genera,1
8,BOOHAI,91.32,141.9,5.73,1.7,Genera,1
9,GINCHI,81.38,137.7,5.53,1.54,Genera,1
10,LD-357,89.48,137.4,6.88,1.97,Genera,1
11,YERER,92.34,144.5,5.43,1.57,Genera,1
12,GERARDO,88.35,137.9,5.79,1.74,Genera,1
13,Mukiye,81.88,137,6.21,1.89,Genera,1
14,Mangudo,88.11,141,5.85,1.69,Genera,1
15,214494,85.57,141.4,7.38,2.17,Genera,0
16,206576,91.65,140.9,5.67,1.45,Genera,0
17,Assassa,85.62,139.5,6.07,1.63,Genera,1
18,5679,94.42,141.9,5.81,1.45,Genera,0
19,228862,90.44,135.9,6.58,1.84,Genera,0
20*,222297,87.13,140.9,8.49,2.48,Genera,0
21,208474,89.49,135.6,7.08,1.68,Genera,0
22,222736,88.02,138,7.69,2.19,Genera,0
23,208327,85.42,133.1,6.75,1.86,Genera,0
24,208276A,91.15,135.4,6.59,1.78,Genera,0
25,228771,90.24,144.1,6.48,1.75,Genera,0
26,226973B,96.46,143.6,5.55,1.47,Genera,0
27,Quamy,90.23,144.7,5.2,1.32,Genera,1
28*,214599,86.64,139.5,6.82,2.13,Genera,0
29,Hetosa,87.57,140.5,5.95,1.74,Genera,1
30,206548,83.75,126.5,6.66,1.89,Genera,0
31,Metaya,90.48,140.8,5.5,1.35,Genera,1
32,Megenagna,88.96,137,6.07,1.76,Genera,1
33,Selam,88.44,142.8,6.56,1.92,Genera,1
34,Foka,90.14,142.8,5.33,1.42,Genera,1
35,Ude,87.93,138.7,5.6,1.44,Genera,1
36*,226973A,95.64,148,5.5,1.57,Genera,0
37,226840,99.5,146.8,6.01,1.76,Genera,0
38,208482,89.78,136.8,6.59,1.73,Genera,0
39,208227,95,149,6.73,1.88,Genera,0
40*,238125,88.83,142.4,6.83,1.87,Genera,0
41,238137A,92.11,144.6,5.71,1.56,Genera,0
42,222352,84.49,136.4,6.27,1.69,Genera,0
43,208373A,90.87,139.6,6.23,1.63,Genera,0
44,215276,90.33,139.8,5.55,1.5,Genera,0
45,222434,90.53,139.9,6.38,1.62,Genera,0
46,208746A,90.07,140.4,5.63,1.76,Genera,0
47,206551A,91.29,136.8,6.84,1.85,Genera,0
48,208309,92.54,142.6,6.34,1.97,Genera,0
49,208286,96.28,144.3,6.49,1.64,Genera,0
50*,228762,84.7,140.1,7.52,2.32,Genera,0
51*,222660,86.89,139.7,7.01,1.93,Genera,0
52,213310,90.49,139.3,6.16,1.81,Genera,0
53*,238121,81.81,137.6,7.81,2.14,Genera,0
54,238528,85.96,136.1,7.32,1.96,Genera,0
55*,Workaye,79.89,138.2,7.12,2.35,Genera,1
56,238555A,92.6,140.1,6.77,1.69,Genera,0
57,8019,91.2,137.8,5.92,1.66,Genera,0
58,8436,84.73,130.6,6.39,1.79,Genera,0
59,238540C,95.49,144.1,5.52,1.34,Genera,0
60,208264,84.65,137.9,6.67,1.8,Genera,0
61,226191,87.42,129.2,6.82,1.78,Genera,0
62,222360,92.09,142.6,6.84,1.88,Genera,0
63,5654,93.98,139.2,6.14,1.56,Genera,0
64,226834B,86.41,141.8,6.56,1.92,Genera,0
65,208486,90.43,140.5,6.67,1.84,Genera,0
66,236286,80.62,135.8,7.27,2.3,Genera,0
67,8205,90.23,140.9,5.68,1.85,Genera,0
68,226834A,91.18,142.5,7.07,2.22,Genera,0
69,208365,82.79,127.8,6.8,2.02,Genera,0
70*,208228,88.94,145.1,7.61,2.07,Genera,0
71,222859,87.49,139.5,6.56,1.83,Genera,0
72,222541,80.93,125,6.96,1.76,Genera,0
73*,227061,93.75,123.4,5.04,1.68,Genera,0
74,231580,84.74,136.8,7.3,2.15,Genera,0
75*,226826,89.15,143.4,6.5,1.98,Genera,0
76,222542,87.57,135.4,6.49,1.84,Genera,0
77,222856,87.64,140.5,6.03,1.57,Genera,0
78,222435,86.34,131.4,6.59,1.71,Genera,0
79,222499A,83.83,133.9,6.65,1.75,Genera,0
80*,Tossa,81.6,136.8,6.98,2.29,Genera,1
81,222623,87.8,142.6,7.6,2.14,Genera,0
82,236291,93.93,142.1,6.31,1.85,Genera,0
83*,229251B,87.73,139.8,6.38,1.95,Genera,0
84,208310,86.88,139.7,7.43,2.14,Genera,0
85*,208318,85.01,140.6,7.58,2.17,Genera,0
86,206556,98.47,145.1,6.07,1.62,Genera,0
87,6856A,91.55,140.2,6.68,1.98,Genera,0
88,208304,94.56,140.8,5.61,1.56,Genera,0
89*,208282,85.36,137.9,8.01,2.31,Genera,0
90,212561,97.21,140.1,6.62,1.52,Genera,0
91,222440,84.12,130,6.25,1.49,Genera,0
92,7960,94.74,140.4,5.6,1.52,Genera,0
93,222805,93.33,146,6.69,1.63,Genera,0
94,222578,90.84,138.9,6.35,1.93,Genera,0
95*,216628B,83.94,136.8,6.1,1.8,Genera,0
96,236309A,84.51,136.1,6.87,1.72,Genera,0
97*,226363,91.63,145.5,6.72,1.85,Genera,0
98*,238549,88.94,141.4,6.53,1.85,Genera,0
99,210806A,91.33,140.1,6.22,1.54,Genera,0
100*,222298,85.3,138.2,6.96,2.09,Genera,0
101*,206551B,87.57,138.5,6.93,1.97,Genera,0
102,222197A,93.02,140.5,5.54,1.66,Genera,0
103*,238117,85.65,137.6,6.56,2.09,Genera,0
104,238567,90.97,136.6,6.95,1.93,Genera,0
105,222408,86.91,135,6.75,1.69,Genera,0
106*,238126,85.63,140.9,7.13,2.19,Genera,0
107*,208248,89.89,144.4,7.19,2.1,Genera,0
108,226273,84.83,132.2,5.96,1.88,Genera,0
109*,206548bl,84.77,138.3,7.92,2.2,Genera,0
110,236313,89.1,141.4,6.45,1.64,Genera,0
111,222441A,77.99,134.4,6.28,1.76,Genera,0
112,222780,94.8,141,5.35,1.41,Genera,0
113*,208167,93.87,140.9,7.5,1.69,Genera,0
114*,222666,85.03,141.5,6.9,1.85,Genera,0
115,222464,87.22,138.5,6.2,1.84,Genera,0
116,208192,96.08,142,6.37,1.63,Genera,0
117,238507,84.35,131.7,6.25,1.59,Genera,0
118*,226894,95.84,140.8,5.82,1.53,Genera,0
119,222811,92.64,138,5.65,1.5,Genera,0
120,Flakit,80.59,136.8,6.31,2.11,Genera,1
121*,227029B,94.57,147.9,6.67,1.81,Genera,0
122,236303A,90,140.8,5.37,1.31,Genera,0
123,208151B,89.19,141.8,5.92,1.78,Genera,0
124,222387,88.98,142.2,5.56,1.45,Genera,0
125,204470B,97.37,139.5,6.39,1.6,Genera,0
126*,238504B,84.45,141,7.18,2,Genera,0
127,222432,90.54,140.1,6.66,1.72,Genera,0
128,206690,87.66,138,5.25,1.28,Genera,0
129,215268BL,80.78,127.4,6.06,1.68,Genera,0
130,222855,96.55,139.4,6.21,1.57,Genera,0
131,208293,85.25,131.6,5.21,1.38,Genera,0
132,210823A,84.18,133.6,7.18,2.17,Genera,0
133,238561,88.66,139.9,5.91,1.8,Genera,0
134,216628A,82.75,136.8,6.32,1.67,Genera,0
135*,225844,86.04,140.6,7.26,2.12,Genera,0
136,206518A,94.09,139.6,6.83,1.85,Genera,0
137,238525B,87.19,136.1,5.58,1.38,Genera,0
138*,236982,84.67,140.2,6.5,1.87,Genera,0
139,222326,84.71,141.4,6.43,1.79,Genera,0
140,238540D,87.58,136.9,7.44,2.34,Genera,0
141*,208233,92.48,146.5,6.82,1.87,Genera,0
142,GG2,90.86,141.9,5.39,1.65,Genera,0
143,238119,86.38,138.6,8.12,2.43,Genera,0
144,8214,93.8,141.2,6.44,1.53,Genera,0
145,223257,79.15,136.7,6.63,2.13,Genera,0
146,222641,89.21,136.9,5.67,1.53,Genera,0
147,234498,87.96,139.6,6.34,1.72,Genera,0
148*,238492A,81.73,140.7,7.98,2.57,Genera,0
149,222554,87.94,137.9,6.87,1.95,Genera,0
150*,Dinknesh,79.7,137.3,8.1,2.7,Genera,1
151,208288,85.6,136.3,6.47,1.77,Genera,0
152,236295,90.52,141.7,6.99,1.81,Genera,0
153,203989,88.4,142.5,5.29,1.51,Genera,0
154,231572,90.37,139.3,6,1.58,Genera,0
155*,8210A,92.05,143.5,5.08,1.42,Genera,0
156,216625,86.77,133.6,6.13,1.6,Genera,0
157,222190,79.72,133.7,6.45,1.68,Genera,0
158,210821,97.54,143.7,5.66,1.73,Genera,0
159,236312A,90.1,139.7,6.13,1.96,Genera,0
160,222419,88.14,130.8,6.53,1.75,Genera,0
161,226951,87.28,139.5,7.67,2.32,Genera,0
162*,226839,93.58,138.6,5.51,1.37,Genera,0
163,236985A,89.01,137.8,6.95,1.86,Genera,0
164,210825,86.9,135.1,6.09,1.67,Genera,0
165,208873,85.68,137.3,5.22,1.61,Genera,0
166,238492B,85.32,138.8,7.98,2.25,Genera,0
167,5314,92.12,141.9,6.2,1.55,Genera,0
168*,222457,88.08,140.8,7.3,2.13,Genera,0
169,206551,90.12,140.2,6.68,1.82,Genera,0
170*,216472,91.31,144.2,7.25,1.99,Genera,0
171,222413,88.24,139.1,6.07,1.46,Genera,0
172,222346,86.55,130.9,5.62,1.52,Genera,0
173,214877,95.51,143.4,5.36,1.62,Genera,0
174,248478,88.79,141.4,6.49,1.99,Genera,0
175,208234A,92.78,139,6.87,1.83,Genera,0
176,210806B,92.03,139.7,5.96,1.57,Genera,0
177,239081A,93.91,147.8,6.54,1.69,Genera,0
178,227056B,83.69,126.9,6.27,1.79,Genera,0
179,222433,88.72,136.6,6.39,1.75,Genera,0
180*,222530,94.63,147.6,6.34,1.76,Genera,0
181,208151,88.94,139.5,6.8,1.99,Genera,0
182,238540,82.3,130,5.6,1.6,Genera,0
183,238504C,85.65,142.6,6.59,1.92,Genera,0
184,208285,97.17,145.2,6.83,1.75,Genera,0
185,208383B,90.62,136.1,6.22,1.8,Genera,0
186,238522,96.95,143.5,5.25,1.49,Genera,0
187,238576,83.96,132.9,7.33,2.07,Genera,0
188*,236296,92.55,144.6,6.63,1.75,Genera,0
189,212564,82.82,133.8,7.06,1.98,Genera,0
190*,222841,92.43,142.5,7.03,2,Genera,0
191,236989,90.98,137.2,6.27,1.86,Genera,0
192,236282,77.39,141.6,5.8,1.66,Genera,0
193,238531,94.17,139.3,5.63,1.42,Genera,0
194,214585,90.25,140.2,6.22,1.98,Genera,0
195,208239,89.62,137.1,4.71,1.43,Genera,0
196,238537,87.84,141.2,6.15,1.7,Genera,0
197,208161,97.47,149.6,6.48,1.73,Genera,0
198,204488,87.22,138.1,7.36,2.03,Genera,0
199,236987,86.72,134.8,6.95,1.6,Genera,0
200*,210823C,83.02,137.1,6.49,1.95,Genera,0
201,206700,92.5,143.7,5.21,1.54,Genera,0
202,238579,100.4,143.7,6.62,1.28,Genera,0
203,207058,96.22,141.1,6.83,2.02,Genera,0
204,Mossobo,89.62,144.1,6.04,1.7,Genera,1
205*,222707A,93.79,141.1,6.21,1.39,Genera,0
206,210812A,89.63,138.3,6.98,2.13,Genera,0
207,238546,89.45,136.5,6.57,1.74,Genera,0
208,7961A,84.35,133.4,6.89,1.63,Genera,0
209,222499B,87.61,141.3,6.75,1.87,Genera,0
210,222426,88.08,137.9,7.67,2.29,Genera,0
211,204562A,86.91,143.3,5.3,1.4,Genera,0
212*,222198,90.68,144.1,6.85,1.92,Genera,0
213*,238124B,89.74,139.9,7.34,2.29,Genera,0
214,238504A,86.6,135.8,5.9,1.95,Genera,0
215,222816B,84.11,134.7,6.6,2.07,Genera,0
216,236276,81.39,126.3,6.78,1.72,Genera,0
217,228593B,91.72,139.7,6.45,1.62,Genera,0
218,5611,87.99,135.2,6.82,1.9,Genera,0
219,227542,87.67,136.7,5.97,1.67,Genera,0
220,8208,86.5,137.7,6.46,1.67,Genera,0
221,236297,90.56,143.8,7.25,2.07,Genera,0
222,208242,92.32,142.4,6.74,1.75,Genera,0
223,208315,89.24,141.2,7.11,2.25,Genera,0
224,228260A,95.62,144.5,6.65,1.82,Genera,0
225,208290,87.58,141.5,5.72,1.78,Genera,0
226,5300,98.07,143.2,6.18,1.47,Genera,0
227,208311,89.61,139.9,7.51,2.18,Genera,0
228*,208292,83.82,136,6.42,2.06,Genera,0
229,222752,92.51,140.3,5.87,1.85,Genera,0
230*,208189,88.94,141.4,6.75,1.97,Genera,0
231,236271,98.14,144.5,5.29,1.27,Genera,0
232,210796,89.96,139.9,6.1,1.69,Genera,0
233,210798B,84.34,139.6,5.89,1.66,Genera,0
234,238564A,85.15,139.2,6.41,1.96,Genera,0
235,228768,90.77,140,6.56,1.72,Genera,0
236,236278,82.94,125.4,6.25,1.82,Genera,0
237,238519,87.65,137.4,5.47,1.55,Genera,0
238,208279,96.16,142.2,6.21,1.97,Genera,0
239*,226876,85.84,139.7,6.41,1.91,Genera,0
240,231586,84.58,137.3,7.35,2.18,Genera,0
241,231573,91.39,138.9,6.07,1.57,Genera,0
242,208283,83.27,130.7,6.65,1.91,Genera,0
243,231565,89.03,139.3,6.14,1.58,Genera,0
244,214571,91.62,143.1,6.37,1.8,Genera,0
245,208253,88.09,139.4,6.3,2.01,Genera,0
246,206567,93.61,142.5,5.88,1.5,Genera,0
247,229251,86.02,139.1,6.33,1.7,Genera,0
248*,8051,96.56,141.2,5.02,1.17,Genera,0
249,208252,97.2,137.3,6.87,1.81,Genera,0
250,238552A,90.33,139.4,6.96,1.95,Genera,0
251,208229,85.82,141.8,6.02,1.27,Genera,0
252*,208203A,87.46,142.2,6.35,1.84,Genera,0
253,8333A,80.67,133.9,6.29,1.93,Genera,0
254*,222730,91.14,137.9,6.19,1.62,Genera,0
255,208194,89.58,140.7,6.35,1.87,Genera,0
256,208175,85.8,133.1,5.67,1.62,Genera,0
257*,208222,92.83,149.6,6.58,1.87,Genera,0
258,208146,89.44,135.6,5.59,1.66,Genera,0
259,222806,87.99,141.3,7.07,1.9,Genera,0
260,5588,91.43,135.2,5.72,1.5,Genera,0
261,208322,86.68,136.2,6.65,1.83,Genera,0
262,236300,90.67,141.4,6.72,1.89,Genera,0
263,208332A,84.32,139.3,5.79,1.77,Genera,0
264,208334,83.68,127.8,7.68,2,Genera,0
265,226094,91.12,139.1,6.47,1.71,Genera,0
266*,206554,86.79,141.2,7.47,2.11,Genera,0
267,236979A,88.5,140.8,5.98,1.66,Genera,0
268*,208230,84.54,140.4,6.61,2.44,Genera,0
269,208190,91.94,140.5,6.17,1.65,Genera,0
270*,210818,94.77,145.7,7.08,1.96,Genera,0
271,208780,94.99,141.5,4.9,1.93,Genera,0
272,236986,87.52,141.2,6.02,1.92,Genera,0
273,204353,89.36,138,6.11,1.47,Genera,0
274,210817B,91.58,137.7,6.68,2.02,Genera,0
275,215111,87.49,129.8,7.23,1.86,Genera,0
276,228763A,88.73,134.5,6.9,2.03,Genera,0
277*,208151A,86.51,140.7,7.61,2.18,Genera,0
278,222786,89.71,138.5,6.7,2.06,Genera,0
279,236314B,96.26,143.6,6.83,2.14,Genera,0
280,214357,93.35,142.2,7.24,2.01,Genera,0
281,208196,88.64,138,6.39,1.56,Genera,0
282,204530,95.8,143.5,6.24,1.53,Genera,0
283,204493A,83.33,134.6,6.88,2.02,Genera,0
284,222332,82.32,133,5.62,1.45,Genera,0
285,208244,84.82,138.6,7.14,2.14,Genera,0
286,210805A,91.63,139.8,5.64,1.42,Genera,0
287,214874,81.53,137.5,6.17,1.79,Genera,0
288,208328,92.83,141.4,7.22,2,Genera,0
289,236301,85.1,133.9,5.29,1.47,Genera,0
290,231547A,84.81,139.9,6.52,1.7,Genera,0
291*,238132B,83.55,138.7,8.05,2.41,Genera,0
292*,222537A,94.63,142.5,5.67,1.55,Genera,0
293,208155,86.21,137.7,6.15,1.89,Genera,0
294,8034A,88.9,144.4,6.21,1.85,Genera,0
295,8034B,87.97,135.5,6,1.51,Genera,0
296,231591A,90.16,137.7,6.82,1.78,Genera,0
297*,238132A,86.76,138.6,7.93,2.3,Genera,0
298*,210803,83.29,140.6,6.87,2.2,Genera,0
299*,214328,94.29,138.4,7.6,2.14,Genera,0
300,208131A,95.86,142.2,6.61,1.81,Genera,0
301*,222787B,87.31,135.7,7.17,1.82,Genera,0
302,210820B,85.87,133.7,7.2,2,Genera,0
303,5634,90.11,136.5,6.24,1.75,Genera,0
304,208136,91.42,143.9,6.04,1.72,Genera,0
305,226357,87.36,135.6,8.1,2.01,Genera,0
306,208294,96.43,137.4,6.85,1.68,Genera,0
307,208336,90.35,133.1,6.3,1.77,Genera,0
308,208173,89.68,137.5,6.8,1.9,Genera,0
309,208184,88.35,137.4,6.14,1.79,Genera,0
310*,236288,86.5,141.1,7.98,2.07,Genera,0
311,238516,91.29,139.8,6.02,1.99,Genera,0
312*,216472br,84.7,139.4,8.17,2.45,Genera,0
313*,227063,92.86,143.5,7.05,2.09,Genera,0
314,226371,88.76,141.5,6.5,1.93,Genera,0
315*,208250,86.27,141,7.12,1.92,Genera,0
316,234514,88.05,138.1,6.22,1.51,Genera,0
317,222327A,79.94,126.6,5.93,1.58,Genera,0
318,222327B,88.79,140.9,4.86,1.61,Genera,0
319*,208277,90.48,143.6,7.62,2.12,Genera,0
320,222655,86.21,137.7,6.55,2.08,Genera,0
321,231524,86.06,133.3,6.54,2.03,Genera,0
322*,208188,103.4,145,7.46,2.08,Genera,0
323,238513,85.32,129.4,6.51,2.04,Genera,0
324,234513,86.63,137.8,6.27,1.45,Genera,0
325,208281,92.79,140,6.38,1.8,Genera,0
326*,208256,105.2,153.5,5.99,1.51,Genera,0
327,210801,88.25,140.6,7.56,2.1,Genera,0
328,222854,85.74,132.8,6.65,1.86,Genera,0
329,208162,82.4,133.9,6.85,1.79,Genera,0
330,208168,86.66,138.1,6.21,1.87,Genera,0
331*,228135,90.14,142.4,6.34,1.58,Genera,0
332*,208336BL,87.44,136.3,6.91,2.09,Genera,0
333,222500,87.61,131.9,6.81,1.53,Genera,0
334,231597,86.35,132.5,7.51,2.17,Genera,0
335,6856B,88.42,146.7,6.93,1.93,Genera,0
336,222858,86.61,138,6.34,1.94,Genera,0
337,222682,85.05,130.5,6.33,1.64,Genera,0
338,206666,93.34,139.6,6.4,1.68,Genera,0
339,208258,94.59,141.1,5.4,1.5,Genera,0
340*,208221,88.26,134.8,7.04,2.13,Genera,0
341*,222727,86.11,139.1,7.22,2.33,Genera,0
342,226887,86.36,130.4,7.12,1.85,Genera,0
343*,238340,93.86,146.8,7.62,2.23,Genera,0
344,210813,86.99,137.3,6.61,1.84,Genera,0
345,228600,89.05,137,6.26,1.87,Genera,0
346*,208186,86.71,138.7,8.08,2.16,Genera,0
347,210795,89.91,140.6,6.63,1.89,Genera,0
348,226928,90.88,138.5,5.55,1.69,Genera,0
349,238498br,93.28,142.4,6.45,1.74,Genera,0
350,238498,86.07,128.9,6.55,1.68,Genera,0
351,238133,85.01,131.6,6.11,1.48,Genera,0
352,238139,84.78,142.8,8.04,2.4,Genera,0
353,236308,89.24,139.3,7.12,1.99,Genera,0
354,208200,93.07,137.9,6.82,1.57,Genera,0
355,210816A,88.64,138.4,5.55,1.47,Genera,0
356,210816B,97.96,149,5.45,1.22,Genera,0
357*,208317,85.65,140.1,8.27,2.23,Genera,0
358,222366,89.25,135.9,6.7,2.03,Genera,0
359,208931,89.49,137.5,6.95,1.83,Genera,0
360,238570,82.98,130.4,6.3,1.76,Genera,0
361,208312,91.52,141.6,6.31,1.89,Genera,0
362*,208209,100,152.6,5.54,1.65,Genera,0
363,214303,97.43,136.8,6.01,1.54,Genera,0
364,226825,95.98,143.2,8.47,1.58,Genera,0
365*,236984,94.9,145,5.06,1.52,Genera,0
366,208321,82.26,139.8,6.5,1.86,Genera,0
367,208316,92.21,140.3,6.29,1.76,Genera,0
368,238573,85.92,135.9,5.67,1.62,Genera,0
369,215411,83.99,126.6,6.25,1.62,Genera,0
370*,228753,85.52,141.4,6.7,2.19,Genera,0
371,208262,96.01,141.9,6.74,1.76,Genera,0
372,208243,94.99,139.2,5.93,1.54,Genera,0
373,208280,90.51,138.6,5.95,1.69,Genera,0
374*,216490,89.68,140.9,8.13,2.22,Genera,0
375,222415,88.01,133.2,6.62,1.74,Genera,0
376,208320,88.18,139.6,6.54,1.93,Genera,0
377,210896,92.89,141.2,6.88,2.01,Genera,0
378,238130,84.19,139.5,7.55,2.11,Genera,0
379,210815,82.08,131.4,6.24,1.81,Genera,0
380,214881,91.86,141,6.41,1.58,Genera,0
381*,222462,85.74,143.1,7.03,2.09,Genera,0
382,227009,90.05,143.4,5.58,1.41,Genera,0
383,214366,86.46,139.8,6.93,1.87,Genera,0
384*,208150,85.29,140.7,8.39,2.56,Genera,0
385*,238120,84.65,139.5,6.74,1.79,Genera,0
386,208215A,84.73,132.8,6.21,1.59,Genera,0
387,222813,88.46,140.8,6.58,1.77,Genera,0
388,202458,91.58,137.3,5.81,1.38,Genera,0
389,202012,85.46,137.4,5.7,1.47,Genera,0
390*,210823B,85.64,142.4,7.35,2.35,Genera,0
391,227058,92.24,145.3,6.22,1.91,Genera,0
392*,208481,92.39,148.5,7.24,2.15,Genera,0
393,208273,91.32,142.8,7.32,2.16,Genera,0
394*,238122,88.54,140.9,7.79,2.23,Genera,0
395,5578A,89.39,136,6.63,1.79,Genera,0
396,214502,84.45,131,6.44,1.78,Genera,0
397,236269,88.92,137.9,6.87,1.81,Genera,0
398,236988,87.53,146.6,6.04,1.65,Genera,0
399*,227029,95.25,148.5,6.65,1.8,Genera,0
400*,208278,86.68,139.2,7.51,2.18,Genera,0
