id,genotype,accession,plot_id,farmer,year,region,district,kebele,lat,lon,plot_no,booting_date,flowering_date,maturity_date,mean_tn,mean_seed_no_spike,mean_sl,gy_gm,farmer_rank,planting_date,gy_gm_raw,plot_size
10000,208164,208164,1,Abate Tegegn,2014,Oromia,Moret and Jiru,Bolo,9.014694,39.137111,2,10-10-2014,24-10-2014,14-12-2014,4,35,8,505.625,3,2014-08-01,809,1.6
10000,214306,214306,2,Abate Tegegn,2014,Oromia,Moret and Jiru,Bolo,9.014694,39.137111,1,8-10-2014,21-10-2014,30-11-2014,6,41,9,610,1,2014-08-01,976,1.6
10000,441ET_D,228600,3,Abate Tegegn,2014,Oromia,Moret and Jiru,Bolo,9.014694,39.137111,3,7-10-2014,18-10-2014,19-11-2014,3,NA,5,440,4,2014-08-01,704,1.6
10002,033ET_D,208175,1,Abebech Meshesha,2014,Oromia,Moret and Jiru,Bolo,9.008639,39.149111,1,22-10-2014,4-11-2014,24-11-2014,4,44,8,528.125,3,2014-07-29,845,1.6
10002,227314,227314,2,Abebech Meshesha,2014,Oromia,Moret and Jiru,Bolo,9.008639,39.149111,2,14-10-2014,1-11-2014,24-11-2014,3,36,7,388.75,4,2014-07-29,622,1.6
10002,6891,6891,4,Abebech Meshesha,2014,Oromia,Moret and Jiru,Bolo,9.008639,39.149111,3,4-09-2014,18-09-2014,8-11-2014,3,33,6,423.75,2,2014-07-29,678,1.6
10002,344ET_D,ude,3,Abebech Meshesha,2014,Oromia,Moret and Jiru,Bolo,9.008639,39.149111,4,10-10-2014,26-10-2014,30-11-2014,6,34,NA,559.375,1,2014-07-29,895,1.6
10014,033ET_D,208175,1,Debabe Meshesha,2014,Oromia,Moret and Jiru,Mangodo,9.773,39.191222,1,29-09-2014,10-11-2014,12-12-2014,4,35,8,532.5,3,2014-08-05,852,1.6
10014,227314,227314,2,Debabe Meshesha,2014,Oromia,Moret and Jiru,Mangodo,9.773,39.191222,2,26-09-2014,11-10-2014,9-12-2014,3,36,8,443.125,1,2014-08-05,709,1.6
10014,6891,6891,3,Debabe Meshesha,2014,Oromia,Moret and Jiru,Mangodo,9.781833,39.191306,3,21-09-2014,29-09-2014,18/12/2014,4,37,8,246.875,4,2014-08-05,395,1.6
10016,208164,208164,1,Emebet Leshawred,2014,Oromia,Moret and Jiru,Mangodo,9.78,39.192806,2,23-09-2014,1-10-2014,9-12-2014,3,37,7,275,3,2014-07-29,440,1.6
10016,214306,214306,2,Emebet Leshawred,2014,Oromia,Moret and Jiru,Mangodo,9.78,39.192806,1,7-09-2014,20-09-2014,22/12/2014,3,41,7,401.25,1,2014-07-29,642,1.6
10016,441ET_D,228600,3,Emebet Leshawred,2014,Oromia,Moret and Jiru,Mangodo,9.773,39.191222,3,17-09-2014,29-09-2014,19/12/2014,3,49,6,229.375,2,2014-07-29,367,1.6
10017,208164,208164,2,Endale Yadete,2014,Oromia,Seadebir and Wayo,Wole,10.0165,39.238833,1,19-10-2014,3-10-2014,10-12-2014,5,36,10,370.625,4,2014-08-02,593,1.6
10017,033ET_D,208175,1,Endale Yadete,2014,Oromia,Seadebir and Wayo,Wole,10.0165,39.238833,3,13-10-2014,28-10-2014,14/12/2014,7,43,NA,556.875,1,2014-08-02,891,1.6
10017,441ET_D,228600,4,Endale Yadete,2014,Oromia,Seadebir and Wayo,Wole,10.0165,39.238833,2,24-09-2014,9-10-2014,12-12-2014,6,37,9,405.625,2,2014-08-02,649,1.6
10017,344ET_D,ude,3,Endale Yadete,2014,Oromia,Seadebir and Wayo,Wole,10.0165,39.238833,4,1-10-2014,16-10-2014,18-12-2014,4,48,6,388.125,3,2014-08-02,621,1.6
10031,208164,208164,2,Moges Ameneshewa,2014,Oromia,Moret and Jiru,Mangodo,9.782806,39.193667,1,11-09-2014,24-09-2014,11-12-2014,4,35,7,477.5,3,2014-08-02,764,1.6
10031,033ET_D,208175,1,Moges Ameneshewa,2014,Oromia,Moret and Jiru,Mangodo,9.782806,39.193667,3,18-09-2014,29-09-2014,8-12-2014,5,45,8,347.5,4,2014-08-02,556,1.6
10031,441ET_D,228600,3,Moges Ameneshewa,2014,Oromia,Moret and Jiru,Mangodo,9.782806,39.193667,2,23-09-2014,7-10-2014,13/12/2014,3,35,7,426.25,2,2014-08-02,682,1.6
10037,033ET_D,208175,1,Nigusse Tefera,2014,Oromia,Moret and Jiru,Bolo,8.72925,39.239236,2,10-09-2014,19-10-2014,28-11-2014,3,31,8,340.625,3,2014-07-29,545,1.6
10037,227314,227314,2,Nigusse Tefera,2014,Oromia,Moret and Jiru,Bolo,8.72925,39.239236,3,4-09-2014,16-10-2014,3-12-2014,3,NA,7,372.5,2,2014-07-29,596,1.6
10037,441ET_D,228600,3,Nigusse Tefera,2014,Oromia,Moret and Jiru,Bolo,8.72925,39.239236,1,22-10-2014,1-11-2014,24-11-2014,3,29,7,281.25,4,2014-07-29,450,1.6
10054,208164,208164,2,Yetmgeta Atile,2014,Oromia,Moret and Jiru,Bolo,9.002,39.135667,1,20-10-2014,8-11-2014,12-12-2014,4,38,7,506.875,1,2014-08-05,811,1.6
10054,033ET_D,208175,1,Yetmgeta Atile,2014,Oromia,Moret and Jiru,Bolo,9.002,39.135667,3,23-09-2014,10-10-2014,14/12/2014,3,53,NA,402.5,4,2014-08-05,644,1.6
10054,441ET_D,228600,3,Yetmgeta Atile,2014,Oromia,Moret and Jiru,Bolo,9.002,39.135667,2,15-10-2014,1-11-2014,21/12/2014,5,39,8,480.625,3,2014-08-05,769,1.6
10073,242ET_D,210812a,2,Abebawu Yalewu,2014,Amhara,Meket,Hanamekuat,11.67907,38.68684,1,NA,NA,NA,3.6,29,5.6,45,3,2014-08-05,72,1.6
10073,415ET_D,222854,4,Abebawu Yalewu,2014,Amhara,Meket,Hanamekuat,11.67907,38.68684,2,NA,NA,NA,3.2,27,7,22.5,4,2014-08-05,36,1.6
10073,197ET_D,238576,1,Abebawu Yalewu,2014,Amhara,Meket,Hanamekuat,11.67907,38.68684,3,NA,NA,NA,2.2,34.2,6.8,34.375,2,2014-08-05,55,1.6
10073,341ET_D,asassa,3,Abebawu Yalewu,2014,Amhara,Meket,Hanamekuat,11.67907,38.68684,4,NA,NA,NA,4.8,38.8,8,15,1,2014-08-05,24,1.6
10106,033ET_D,208175,1,Abush Mamo,2014,Oromia,Moret and Jiru,Kusaye,9.874056,39.1735,2,8-10-2014,15-10-2014,15-12-2014,6,45,NA,375.625,1,2014-07-29,601,1.6
10106,227314,227314,2,Abush Mamo,2014,Oromia,Moret and Jiru,Kusaye,9.874056,39.1735,3,2-10-2014,15-10-2014,22-12-2014,4,33,7,350,3,2014-07-29,560,1.6
10106,441ET_D,228600,4,Abush Mamo,2014,Oromia,Moret and Jiru,Kusaye,9.874056,39.1735,1,13-10-2014,27-10-2014,21-12-2014,5,39,8,359.375,2,2014-07-29,575,1.6
10106,344ET_D,ude,3,Abush Mamo,2014,Oromia,Moret and Jiru,Kusaye,9.874056,39.1735,4,5-10-2014,10-12-2014,12-11-2014,3,68,7,193.75,4,2014-07-29,310,1.6
10128,208164,208164,1,Alayu Gared,2014,Oromia,Moret and Jiru,Kosiamba,9.930583,39.190083,2,14/10/2014,1-11-2014,NA,4,41,7,493.75,2,2014-07-31,790,1.6
10128,214306,214306,2,Alayu Gared,2014,Oromia,Moret and Jiru,Kosiamba,9.930583,39.190083,1,14/10/2014,1-11-2014,27/11/2014,6,35,8,628.75,1,2014-07-31,1006,1.6
10128,441ET_D,228600,4,Alayu Gared,2014,Oromia,Moret and Jiru,Kosiamba,9.930583,39.190083,3,13/10/2014,26/10/2014,2-12-2014,3,38,7,532.5,3,2014-07-31,852,1.6
10128,344ET_D,ude,3,Alayu Gared,2014,Oromia,Moret and Jiru,Kosiamba,9.930583,39.190083,4,7-10-2014,21/10/2014,29/11/2014,3,65,7,283.125,4,2014-07-31,453,1.6
10142,242ET_D,210812a,2,Alemnewu Dejen,2014,Amhara,Meket,Agrit,11.82123303,38.70506029,1,NA,NA,NA,5,44.2,8.8,NA,4,2014-08-12,815,1.6
10142,415ET_D,222854,4,Alemnewu Dejen,2014,Amhara,Meket,Agrit,11.82123303,38.70506029,2,NA,NA,NA,7,39.6,9.4,NA,3,2014-08-12,627,1.6
10142,197ET_D,238576,1,Alemnewu Dejen,2014,Amhara,Meket,Agrit,11.82123303,38.70506029,3,NA,NA,NA,4.6,36.6,9,NA,2,2014-08-12,710,1.6
10142,341ET_D,asassa,3,Alemnewu Dejen,2014,Amhara,Meket,Agrit,11.82123303,38.70506029,4,NA,NA,NA,3.2,36,6.4,365,1,2014-08-12,584,1.6
10158,242ET_D,210812a,2,Alene Gelawu,2014,Amhara,Meket,Hamusit,11.78779,39.02029,1,NA,NA,NA,2.4,40.6,6,24.375,2,2014-08-02,39,1.6
10158,415ET_D,222854,4,Alene Gelawu,2014,Amhara,Meket,Hamusit,11.78779,39.02029,2,NA,NA,NA,2.4,36,7,29.375,3,2014-08-02,47,1.6
10158,197ET_D,238576,1,Alene Gelawu,2014,Amhara,Meket,Hamusit,11.78779,39.02029,3,NA,NA,NA,3,37.6,5.4,40,4,2014-08-02,64,1.6
10158,341ET_D,asassa,3,Alene Gelawu,2014,Amhara,Meket,Hamusit,11.78779,39.02029,4,NA,NA,NA,3.2,37.4,8.6,35,1,2014-08-02,56,1.6
10167,249ET_D,210820a,3,Amare Niguse,2014,Amhara,Meket,Aymat,11.83150785,38.59617014,2,NA,NA,NA,7.8,37.6,3.6,50,3,2014-07-25,80,1.6
10167,222816b,222816b,2,Amare Niguse,2014,Amhara,Meket,Aymat,11.83150785,38.59617014,3,NA,NA,NA,4.6,27.4,6.8,93.75,4,2014-07-25,150,1.6
10167,197ET_D,238576,1,Amare Niguse,2014,Amhara,Meket,Aymat,11.83150785,38.59617014,1,NA,NA,NA,4.4,23.2,8.4,53.125,1,2014-07-25,85,1.6
10167,341ET_D,asassa,4,Amare Niguse,2014,Amhara,Meket,Aymat,11.83150785,38.59617014,4,NA,NA,NA,3.8,31.4,4.4,21.25,2,2014-07-25,34,1.6
10207,242ET_D,210812a,2,Ashagre Tefera,2014,Amhara,Meket,Agrit,11.81827994,38.70033577,1,NA,NA,NA,5.6,33,10,162.5,2,2014-08-11,260,1.6
10207,415ET_D,222854,4,Ashagre Tefera,2014,Amhara,Meket,Agrit,11.81827994,38.70033577,2,NA,NA,NA,7.6,41.2,10.4,345.625,3,2014-08-11,553,1.6
10207,197ET_D,238576,1,Ashagre Tefera,2014,Amhara,Meket,Agrit,11.81827994,38.70033577,3,NA,NA,NA,NA,27.8,10.4,86.25,4,2014-08-11,138,1.6
10207,341ET_D,asassa,3,Ashagre Tefera,2014,Amhara,Meket,Agrit,11.81827994,38.70033577,4,NA,NA,NA,4.4,41.4,6.8,406.25,1,2014-08-11,650,1.6
10214,249ET_D,210820a,3,Asnake Tegegne,2014,Amhara,Meket,Hanamekuat,11.67813,38.69022,2,NA,NA,NA,2.6,36.8,8.6,78.125,2,2014-07-25,125,1.6
10214,222816b,222816b,2,Asnake Tegegne,2014,Amhara,Meket,Hanamekuat,11.67813,38.69022,3,NA,NA,NA,2.6,37.2,7.4,170.625,3,2014-07-25,273,1.6
10214,197ET_D,238576,1,Asnake Tegegne,2014,Amhara,Meket,Hanamekuat,11.67813,38.69022,1,NA,NA,NA,NA,42.8,7.2,109.375,4,2014-07-25,175,1.6
10214,341ET_D,asassa,4,Asnake Tegegne,2014,Amhara,Meket,Hanamekuat,11.67813,38.69022,4,NA,NA,NA,5.2,NA,5,109.375,1,2014-07-25,175,1.6
10249,242ET_D,210812a,2,Bebiset Werku,2014,Amhara,Meket,Weketa,11.70798,38.76535,1,NA,NA,NA,3.4,27,5.6,116.25,4,2014-08-07,186,1.6
10249,415ET_D,222854,4,Bebiset Werku,2014,Amhara,Meket,Weketa,11.70798,38.76535,2,NA,NA,NA,3.6,25.2,5.6,110.625,1,2014-08-07,177,1.6
10249,197ET_D,238576,1,Bebiset Werku,2014,Amhara,Meket,Weketa,11.70798,38.76535,3,NA,NA,NA,3.2,24.8,5.4,164.375,2,2014-08-07,263,1.6
10249,341ET_D,asassa,3,Bebiset Werku,2014,Amhara,Meket,Weketa,11.70798,38.76535,4,NA,NA,NA,2.6,17.2,5.6,95.625,3,2014-08-07,153,1.6
10261,033ET_D,208175,1,Belay Moges,2014,Oromia,Moret and Jiru,Kosiamba,9.930056,39.188444,1,14/10/2014,1-11-2014,9-12-2014,5,40,8,318.75,3,2014-08-04,510,1.6
10261,227314,227314,2,Belay Moges,2014,Oromia,Moret and Jiru,Kosiamba,9.930056,39.188444,2,15/10/2014,31/10/2014,9-12-2014,4,29,7,432.5,2,2014-08-04,692,1.6
10261,6891,6891,4,Belay Moges,2014,Oromia,Moret and Jiru,Kosiamba,9.930056,39.188444,3,14/10/2014,28/10/2014,14/12/2014,3,41,7,444.375,4,2014-08-04,711,1.6
10261,344ET_D,ude,3,Belay Moges,2014,Oromia,Moret and Jiru,Kosiamba,9.930056,39.188444,4,5-10-2014,24/10/2014,12-12-2014,2,63,NA,255,1,2014-08-04,408,1.6
10298,242ET_D,210812a,2,Birara Mesfin,2014,Amhara,Meket,Hanamekuat,11.68008,38.68695,1,NA,NA,NA,NA,38.4,6.8,140,4,2014-07-09,224,1.6
10298,415ET_D,222854,4,Birara Mesfin,2014,Amhara,Meket,Hanamekuat,11.68008,38.68695,2,NA,NA,NA,NA,37.6,7.8,181.25,3,2014-08-13,290,1.6
10298,197ET_D,238576,1,Birara Mesfin,2014,Amhara,Meket,Hanamekuat,11.68008,38.68695,3,NA,NA,NA,2.8,31.2,5.6,191.25,2,2014-08-13,306,1.6
10298,341ET_D,asassa,3,Birara Mesfin,2014,Amhara,Meket,Hanamekuat,11.68008,38.68695,4,NA,NA,NA,3.6,34,6.4,206.25,1,2014-08-13,330,1.6
10310,242ET_D,210812a,2,Biset Asres,2014,Amhara,Meket,Hanamekuat,11.68473,38.69461,1,NA,NA,NA,2.8,35.6,8.4,53.125,4,2014-07-29,85,1.6
10310,415ET_D,222854,4,Biset Asres,2014,Amhara,Meket,Hanamekuat,11.68473,38.69461,2,NA,NA,NA,4,39.6,7,50,2,2014-07-29,80,1.6
10310,197ET_D,238576,1,Biset Asres,2014,Amhara,Meket,Hanamekuat,11.68473,38.69461,3,NA,NA,NA,4,33,8,86.25,3,2014-07-29,138,1.6
10310,341ET_D,asassa,3,Biset Asres,2014,Amhara,Meket,Hanamekuat,11.68473,38.69461,4,NA,NA,NA,3.8,48.4,5,78.75,1,2014-07-29,126,1.6
10322,033ET_D,208175,1,Butil Erita,2014,Oromia,Moret and Jiru,Weyn amba,9.917917,39.174806,2,10-10-2014,23/10/2014,11-12-2014,3,43,8,420,3,2014-07-29,672,1.6
10322,227314,227314,2,Butil Erita,2014,Oromia,Moret and Jiru,Weyn amba,9.917917,39.174806,3,11-09-2014,28/09/2014,17-12-2014,5,38,8,498.125,1,2014-07-29,797,1.6
10322,441ET_D,228600,4,Butil Erita,2014,Oromia,Moret and Jiru,Weyn amba,9.917917,39.174806,1,13/10/2014,25/10/2014,14-12-2014,4,42,7,300,2,2014-07-29,480,1.6
10322,344ET_D,ude,3,Butil Erita,2014,Oromia,Moret and Jiru,Weyn amba,9.917917,39.174806,4,6-10-2014,19/10/2014,9-12-2014,2,62,6,296.25,4,2014-07-29,474,1.6
10351,033ET_D,208175,1,Demdim Niguse,2014,Oromia,Seadebir and Wayo,Dire,10.009083,39.239778,1,28-09-2014,11-10-2014,12-11-2014,6,30,NA,204.375,3,2014-08-04,327,1.6
10351,227314,227314,2,Demdim Niguse,2014,Oromia,Seadebir and Wayo,Dire,10.009083,39.239778,2,30-09-2014,12-10-2014,17-12-2014,6,38,9,163.75,2,2014-08-04,262,1.6
10351,6891,6891,4,Demdim Niguse,2014,Oromia,Seadebir and Wayo,Dire,10.009083,39.239778,3,30-10-2014,15-11-2014,22-12-2014,6,35,8,112.5,1,2014-08-04,180,1.6
10351,344ET_D,ude,3,Demdim Niguse,2014,Oromia,Seadebir and Wayo,Dire,10.009083,39.239778,4,6-10-2014,17-10-2014,16-12-2014,4,42,7,106.875,4,2014-08-04,171,1.6
10352,249ET_D,210820a,3,Demere Asaye,2014,Amhara,Meket,Hanamekuat,11.67813,38.69022,2,NA,NA,NA,NA,37.8,9,213.125,3,2014-07-28,341,1.6
10352,222816b,222816b,2,Demere Asaye,2014,Amhara,Meket,Hanamekuat,11.67813,38.69022,3,NA,NA,NA,NA,35.8,7.6,78.125,2,2014-07-28,125,1.6
10352,197ET_D,238576,1,Demere Asaye,2014,Amhara,Meket,Hanamekuat,11.67813,38.69022,1,NA,NA,NA,2.6,34.2,7.2,194.375,4,2014-07-28,311,1.6
10352,341ET_D,asassa,4,Demere Asaye,2014,Amhara,Meket,Hanamekuat,11.67813,38.69022,4,NA,NA,NA,3.8,52.8,5,109.375,1,2014-07-28,175,1.6
10355,208164,208164,1,Demis Mulugeta,2014,Oromia,Moret and Jiru,Weyn amba,9.925667,39.184972,2,16/9/2014,29-09-2014,19/12/2014,4,33,7,293.75,3,2014-08-01,470,1.6
10355,214306,214306,2,Demis Mulugeta,2014,Oromia,Moret and Jiru,Weyn amba,9.925667,39.184972,1,11-09-2014,25/09/2014,16/12/2014,5,45,9,350,2,2014-08-01,560,1.6
10355,441ET_D,228600,4,Demis Mulugeta,2014,Oromia,Moret and Jiru,Weyn amba,9.925667,39.184972,3,19/10/2014,2-11-2014,16/12/2014,5,35,7,333.75,1,2014-08-01,534,1.6
10355,344ET_D,ude,3,Demis Mulugeta,2014,Oromia,Moret and Jiru,Weyn amba,9.925667,39.184972,4,10-09-2014,25/10/2014,8-12-2014,2,61,6,286.875,4,2014-08-01,459,1.6
10363,208164,208164,2,Derese tesere,2014,Oromia,Moret and Jiru,Kusaye,9.862611,39.180139,1,13-10-2014,29-10-2014,10-12-2014,6,40,9,468.75,2,2014-08-01,750,1.6
10363,033ET_D,208175,1,Derese tesere,2014,Oromia,Moret and Jiru,Kusaye,9.862611,39.180139,3,12-10-2014,28/10/2014,13-12-2014,4,46,NA,368.75,3,2014-08-01,590,1.6
10363,441ET_D,228600,4,Derese tesere,2014,Oromia,Moret and Jiru,Kusaye,9.862611,39.180139,2,8-10-2014,19/10/2014,17-12-2014,6,34,8,434.375,1,2014-08-01,695,1.6
10363,344ET_D,ude,3,Derese tesere,2014,Oromia,Moret and Jiru,Kusaye,9.862611,39.180139,4,7-10-2014,19-10-2014,1-12-2014,3,41,7,240.625,4,2014-08-01,385,1.6
10409,208164,208164,1,Eshet Asefa,2014,Oromia,Seadebir and Wayo,Kubeti,9.894722,39.191639,2,17-10-2014,31-10-2014,17-12-2014,3,39,8,505,1,2014-07-29,808,1.6
10409,214306,214306,2,Eshet Asefa,2014,Oromia,Seadebir and Wayo,Kubeti,9.894722,39.191639,1,9-09-2014,21-09-2014,14-12-2014,3,57,6,420,3,2014-07-29,672,1.6
10409,441ET_D,228600,4,Eshet Asefa,2014,Oromia,Seadebir and Wayo,Kubeti,9.894722,39.191639,3,2-10-2014,17-10-2014,19-12-2014,4,38,10,564.375,4,2014-07-29,903,1.6
10409,344ET_D,ude,3,Eshet Asefa,2014,Oromia,Seadebir and Wayo,Kubeti,9.894722,39.191639,4,12-09-2014,26-09-2014,19-12-2014,4,53,NA,530,2,2014-07-29,848,1.6
10430,242ET_D,210812a,2,Fasil Mebrie,2014,Amhara,Meket,Timtimat,11.718192,38.961236,1,NA,NA,NA,5,43.4,7.6,156.25,4,2014-08-12,250,1.6
10430,415ET_D,222854,4,Fasil Mebrie,2014,Amhara,Meket,Timtimat,11.718192,38.961236,2,NA,NA,NA,4.2,42.2,7.8,245,1,2014-08-12,392,1.6
10430,197ET_D,238576,1,Fasil Mebrie,2014,Amhara,Meket,Timtimat,11.718192,38.961236,3,NA,NA,NA,3.6,30.8,9.4,312.5,2,2014-08-12,500,1.6
10430,341ET_D,asassa,3,Fasil Mebrie,2014,Amhara,Meket,Timtimat,11.718192,38.961236,4,NA,NA,NA,2.6,29.6,6.4,306.25,3,2014-08-12,490,1.6
10435,242ET_D,210812a,2,Fenta Mekuria,2014,Amhara,Meket,Weketa,11.70875,38.76772,1,NA,NA,NA,6.6,45.6,5.2,218.125,2,2014-08-11,349,1.6
10435,249ET_D,210820a,3,Fenta Mekuria,2014,Amhara,Meket,Weketa,11.70875,38.76772,3,NA,NA,NA,5.8,36.4,5.4,240,4,2014-08-11,384,1.6
10435,197ET_D,238576,1,Fenta Mekuria,2014,Amhara,Meket,Weketa,11.70875,38.76772,2,NA,NA,NA,7.6,37.2,5.4,313.125,3,2014-08-11,501,1.6
10435,341ET_D,asassa,4,Fenta Mekuria,2014,Amhara,Meket,Weketa,11.70875,38.76772,4,NA,NA,NA,3.2,20.8,5.6,186.25,1,2014-08-11,298,1.6
10450,242ET_D,210812a,2,Fikadie Hailie,2014,Amhara,Meket,Hanamekuat,11.67405,38.682504,1,NA,NA,NA,5.8,23.8,7,140,4,2014-08-10,224,1.6
10450,249ET_D,210820a,3,Fikadie Hailie,2014,Amhara,Meket,Hanamekuat,11.67405,38.682504,3,NA,NA,NA,5.2,45,6.8,139.375,3,2014-08-10,223,1.6
10450,197ET_D,238576,1,Fikadie Hailie,2014,Amhara,Meket,Hanamekuat,11.67405,38.682504,2,NA,NA,NA,6.8,40.2,6.2,133.125,2,2014-08-10,213,1.6
10450,341ET_D,asassa,4,Fikadie Hailie,2014,Amhara,Meket,Hanamekuat,11.67405,38.682504,4,NA,NA,NA,6,42,6,154.375,1,2014-08-10,247,1.6
10456,249ET_D,210820a,2,Fikre Molla,2014,Amhara,Meket,Timtimat,11.706672,38.978825,3,NA,NA,NA,2.6,25.2,7.2,223.125,2,2014-08-03,357,1.6
10456,415ET_D,222854,4,Fikre Molla,2014,Amhara,Meket,Timtimat,11.706672,38.978825,1,NA,NA,NA,5.2,27.6,7.6,170.625,4,2014-08-03,273,1.6
10456,197ET_D,238576,1,Fikre Molla,2014,Amhara,Meket,Timtimat,11.706672,38.978825,2,NA,NA,NA,3.2,25.6,6,198.75,1,2014-08-03,318,1.6
10456,341ET_D,asassa,3,Fikre Molla,2014,Amhara,Meket,Timtimat,11.706672,38.978825,4,NA,NA,NA,3.2,28,5.4,65.625,3,2014-08-03,105,1.6
10565,242ET_D,210812a,2,Geta Mekuriyawu,2014,Amhara,Wadla,Yedogit,11.64413,38.92404,1,NA,NA,NA,6.4,22,7.6,21.875,4,2014-08-18,35,1.6
10565,415ET_D,222854,4,Geta Mekuriyawu,2014,Amhara,Wadla,Yedogit,11.64413,38.92404,2,NA,NA,NA,NA,NA,9.6,16.25,3,2014-08-18,26,1.6
10565,197ET_D,238576,1,Geta Mekuriyawu,2014,Amhara,Wadla,Yedogit,11.64413,38.92404,3,NA,NA,NA,NA,NA,9.4,13.125,2,2014-08-18,21,1.6
10565,341ET_D,asassa,3,Geta Mekuriyawu,2014,Amhara,Wadla,Yedogit,11.64413,38.92404,4,NA,NA,NA,6,42.6,7.6,96.875,1,2014-08-18,155,1.6
10593,033ET_D,208175,1,Getenesh Temitme,2014,Oromia,Seadebir and Wayo,Kubeti,9.896056,39.202806,1,18-09-2014,5-10-2014,16-11-2014,4,42,8,536.25,2,2014-08-02,858,1.6
10593,227314,227314,2,Getenesh Temitme,2014,Oromia,Seadebir and Wayo,Kubeti,9.896056,39.202806,2,8-10-2014,17-10-2014,27-11-2014,4,41,9,448.75,4,2014-08-02,718,1.6
10593,6891,6891,4,Getenesh Temitme,2014,Oromia,Seadebir and Wayo,Kubeti,9.896056,39.202806,3,13-10-2014,22-10-2014,8-12-2014,4,34,11,478.75,1,2014-08-02,766,1.6
10593,344ET_D,ude,3,Getenesh Temitme,2014,Oromia,Seadebir and Wayo,Kubeti,9.896056,39.202806,4,14-09-2014,31/09/2014,23-11-2014,3,60,6,240,3,2014-08-02,384,1.6
10619,249ET_D,210820a,3,Girmay Mekonen,2014,Amhara,Meket,Agrit,11.81736829,38.69348853,2,NA,NA,NA,5.6,26,9.8,144.375,1,2014-07-30,231,1.6
10619,222816b,222816b,2,Girmay Mekonen,2014,Amhara,Meket,Agrit,11.81736829,38.69348853,3,NA,NA,NA,3.6,29,8.4,141.25,4,2014-07-30,226,1.6
10619,197ET_D,238576,1,Girmay Mekonen,2014,Amhara,Meket,Agrit,11.81736829,38.69348853,1,NA,NA,NA,5.4,33.2,8.4,181.875,3,2014-07-30,291,1.6
10619,341ET_D,asassa,4,Girmay Mekonen,2014,Amhara,Meket,Agrit,11.81736829,38.69348853,4,NA,NA,NA,3,44.2,6.2,117.5,2,2014-07-30,188,1.6
10656,249ET_D,210820a,2,Habte Molle,2014,Amhara,Meket,Hamusit,11.78964,39.0228,3,NA,NA,NA,2.2,45.4,6.4,79.375,3,2014-08-10,127,1.6
10656,415ET_D,222854,4,Habte Molle,2014,Amhara,Meket,Hamusit,11.78964,39.0228,1,NA,NA,NA,1.6,37,5,80,4,2014-08-10,128,1.6
10656,197ET_D,238576,1,Habte Molle,2014,Amhara,Meket,Hamusit,11.78964,39.0228,2,NA,NA,NA,1.8,37,6,120.625,2,2014-08-10,193,1.6
10656,341ET_D,asassa,3,Habte Molle,2014,Amhara,Meket,Hamusit,11.78964,39.0228,4,NA,NA,NA,1.6,38.2,5,105.625,1,2014-08-10,169,1.6
10676,242ET_D,210812a,2,Hailie Asmamawu,2014,Amhara,Meket,Hanamekuat,11.68118,38.68824,1,NA,NA,NA,2.8,41.4,7.4,195,2,2014-07-19,312,1.6
10676,249ET_D,210820a,3,Hailie Asmamawu,2014,Amhara,Meket,Hanamekuat,11.68118,38.68824,3,NA,NA,NA,2.4,35.6,5.8,248.125,3,2014-07-19,397,1.6
10676,197ET_D,238576,1,Hailie Asmamawu,2014,Amhara,Meket,Hanamekuat,11.68118,38.68824,2,NA,NA,NA,4.8,30.8,7.2,226.875,4,2014-07-19,363,1.6
10676,341ET_D,asassa,4,Hailie Asmamawu,2014,Amhara,Meket,Hanamekuat,11.68118,38.68824,4,NA,NA,NA,6.2,43.8,5,196.25,1,2014-07-19,314,1.6
10685,033ET_D,208175,1,Heylu Mete,2014,Oromia,Moret and Jiru,Burtilik,9.858583,39.1865,1,30-10-2014,9-11-2014,9-12-2014,5,35,NA,282.5,3,2014-08-04,452,1.6
10685,227314,227314,2,Heylu Mete,2014,Oromia,Moret and Jiru,Burtilik,9.858583,39.1865,2,23-10-2014,7-11-2014,1-12-2014,5,41,8,305,1,2014-08-04,488,1.6
10685,6891,6891,4,Heylu Mete,2014,Oromia,Moret and Jiru,Burtilik,9.858583,39.1865,3,16-10-2014,4-10-2014,8-12-2015,4,51,8,321.875,2,2014-08-04,515,1.6
10685,344ET_D,ude,3,Heylu Mete,2014,Oromia,Moret and Jiru,Burtilik,9.858583,39.1865,4,14-10-2014,27-10-2014,23-11-2014,3,47,6,310,4,2014-08-04,496,1.6
10707,249ET_D,210820a,3,Kasawu Alemu,2014,Amhara,Meket,Weketa,11.704650000000001,38.76647,2,NA,NA,NA,2.8,26.4,6.4,111.875,3,2014-07-30,179,1.6
10707,222816b,222816b,2,Kasawu Alemu,2014,Amhara,Meket,Weketa,11.704650000000001,38.76647,3,NA,NA,NA,3,34.2,5.4,78.125,1,2014-07-30,125,1.6
10707,197ET_D,238576,1,Kasawu Alemu,2014,Amhara,Meket,Weketa,11.704650000000001,38.76647,1,NA,NA,NA,3.6,27.8,7.6,61.25,2,2014-07-30,98,1.6
10725,242ET_D,210812a,2,Kes Agazhu Sisay,2014,Amhara,Meket,Werkaye,11.72364,38.74652,1,NA,NA,NA,3.4,31,5.6,140.625,2,2014-08-03,225,1.6
10725,249ET_D,210820a,3,Kes Agazhu Sisay,2014,Amhara,Meket,Werkaye,11.72364,38.74652,3,NA,NA,NA,3.8,32,6.8,148.125,1,2014-08-03,237,1.6
10725,197ET_D,238576,1,Kes Agazhu Sisay,2014,Amhara,Meket,Werkaye,11.72364,38.74652,2,NA,NA,NA,2.8,24,5.6,96.875,4,2014-08-03,155,1.6
10725,341ET_D,asassa,4,Kes Agazhu Sisay,2014,Amhara,Meket,Werkaye,11.72364,38.74652,4,NA,NA,NA,2.8,38.8,5,162.5,3,2014-08-03,260,1.6
10798,242ET_D,210812a,2,Mandefro Gelawu,2014,Amhara,Meket,Werkaye,11.731456,38.751456,1,NA,NA,NA,4,32,6.2,183.75,3,2014-07-14,294,1.6
10798,249ET_D,210820a,3,Mandefro Gelawu,2014,Amhara,Meket,Werkaye,11.731456,38.751456,3,NA,NA,NA,3.8,32.6,6.4,137.5,2,2014-07-14,220,1.6
10798,197ET_D,238576,1,Mandefro Gelawu,2014,Amhara,Meket,Werkaye,11.731456,38.751456,2,NA,NA,NA,4.8,27.8,5.8,146.25,4,2014-07-14,234,1.6
10798,341ET_D,asassa,4,Mandefro Gelawu,2014,Amhara,Meket,Werkaye,11.731456,38.751456,4,NA,NA,NA,3.2,32.8,4.6,96.25,1,2014-07-14,154,1.6
10805,197ET_D,238576,1,Meberatie Mekonene,2013,Amhara,Meket,Akat,11.67562,38.87476,1,NA,NA,NA,NA,NA,NA,217.5,1,2013-07-26,87,0.4
10805,341ET_D,asassa,2,Meberatie Mekonene,2013,Amhara,Meket,Akat,11.67562,38.87476,4,NA,NA,NA,NA,NA,NA,230,2,2013-07-26,92,0.4
10806,249ET_D,210820a,3,Meberie Fente,2013,Amhara,Meket,Weketa,11.70623,38.75922,2,NA,NA,NA,NA,NA,NA,NA,4,2013-08-16,285,0.4
10806,222816b,222816b,2,Meberie Fente,2013,Amhara,Meket,Weketa,11.70623,38.75922,3,NA,NA,NA,NA,NA,NA,NA,2,2013-08-16,271,0.4
10806,197ET_D,238576,1,Meberie Fente,2013,Amhara,Meket,Weketa,11.70623,38.75922,1,NA,NA,NA,NA,NA,NA,NA,1,2013-08-16,195,0.4
10806,341ET_D,asassa,4,Meberie Fente,2013,Amhara,Meket,Weketa,11.70623,38.75922,4,NA,NA,NA,NA,NA,NA,NA,3,2013-08-16,230,0.4
10812,249ET_D,210820a,3,Mebrate Mekonene,2014,Amhara,Meket,Akat,11.67287,38.8672,2,NA,NA,NA,NA,NA,NA,NA,2,2014-08-06,NA,1.6
10812,222816b,222816b,2,Mebrate Mekonene,2014,Amhara,Meket,Akat,11.67287,38.8672,3,NA,NA,NA,NA,NA,NA,NA,1,2014-08-06,NA,1.6
10812,197ET_D,238576,1,Mebrate Mekonene,2014,Amhara,Meket,Akat,11.67287,38.8672,1,NA,NA,NA,NA,NA,NA,NA,4,2014-08-06,NA,1.6
10812,341ET_D,asassa,4,Mebrate Mekonene,2014,Amhara,Meket,Akat,11.67287,38.8672,4,NA,NA,NA,NA,NA,NA,NA,3,2014-08-06,NA,1.6
10815,249ET_D,210820a,3,Mebrie Fentie,2014,Amhara,Meket,Weketa,11.70623,38.75922,2,NA,NA,NA,2.8,50.4,5.6,220,2,2014-07-18,352,1.6
10815,222816b,222816b,2,Mebrie Fentie,2014,Amhara,Meket,Weketa,11.70623,38.75922,3,NA,NA,NA,3.6,NA,9.2,183.125,3,2014-07-18,293,1.6
10815,197ET_D,238576,1,Mebrie Fentie,2014,Amhara,Meket,Weketa,11.70623,38.75922,1,NA,NA,NA,5,50,8.8,215.625,4,2014-07-18,345,1.6
10815,341ET_D,asassa,4,Mebrie Fentie,2014,Amhara,Meket,Weketa,11.70623,38.75922,4,NA,NA,NA,2.8,48.2,5.6,300.625,1,2014-07-18,481,1.6
10830,249ET_D,210820a,2,Melkam Gebeyawu,2014,Amhara,Meket,Timtimat,11.72374,38.970725,3,NA,NA,NA,3.4,36.4,7,180,3,2014-07-29,288,1.6
10830,415ET_D,222854,4,Melkam Gebeyawu,2014,Amhara,Meket,Timtimat,11.72374,38.970725,1,NA,NA,NA,4,25.2,7.2,110.625,4,2014-07-29,177,1.6
10830,197ET_D,238576,1,Melkam Gebeyawu,2014,Amhara,Meket,Timtimat,11.72374,38.970725,2,NA,NA,NA,2,30,6.8,90.625,2,2014-07-29,145,1.6
10830,341ET_D,asassa,3,Melkam Gebeyawu,2014,Amhara,Meket,Timtimat,11.72374,38.970725,4,NA,NA,NA,3,45,5.4,142.5,1,2014-07-29,228,1.6
10834,242ET_D,210812a,2,MemsgieBelaynewu,2014,Amhara,Meket,Weketa,11.7077,38.76748,1,NA,NA,NA,7,36.2,7.2,233.125,4,2014-07-18,373,1.6
10834,249ET_D,210820a,3,MemsgieBelaynewu,2014,Amhara,Meket,Weketa,11.7077,38.76748,3,NA,NA,NA,6.4,44,5.8,150,3,2014-07-18,240,1.6
10834,197ET_D,238576,1,MemsgieBelaynewu,2014,Amhara,Meket,Weketa,11.7077,38.76748,2,NA,NA,NA,5.6,42.2,5.8,120,2,2014-07-18,192,1.6
10834,341ET_D,asassa,4,MemsgieBelaynewu,2014,Amhara,Meket,Weketa,11.7077,38.76748,4,NA,NA,NA,4.6,46.4,5.6,216.25,1,2014-07-18,346,1.6
10842,033ET_D,208175,1,Merekebe Tsegie,2014,Oromia,Moret and Jiru,Mangodo,9.779694,39.191028,2,8-09-2014,18-09-2014,5-12-2014,4,35,8,391.25,1,2014-07-25,626,1.6
10842,227314,227314,2,Merekebe Tsegie,2014,Oromia,Moret and Jiru,Mangodo,9.778944,39.196306,3,15-09-2014,26-09-2014,15/12/2014,2,40,10,228.75,4,2014-07-25,366,1.6
10842,441ET_D,228600,3,Merekebe Tsegie,2014,Oromia,Moret and Jiru,Mangodo,9.779694,39.191028,1,5-09-2014,17-09-2014,16/12/2014,3,28,8,302.5,3,2014-07-25,484,1.6
10846,249ET_D,210820a,2,Mesay,2014,Amhara,Wadla,Gashena,11.64212,38.91624,3,NA,NA,NA,4.4,24.8,8.2,60.625,1,2014-07-27,97,1.6
10846,415ET_D,222854,4,Mesay,2014,Amhara,Wadla,Gashena,11.64212,38.91624,1,NA,NA,NA,5,24.4,9.8,65.625,4,2014-07-27,105,1.6
10846,197ET_D,238576,1,Mesay,2014,Amhara,Wadla,Gashena,11.64212,38.91624,2,NA,NA,NA,4,28.2,10.8,28.75,2,2014-07-27,46,1.6
10846,341ET_D,asassa,3,Mesay,2014,Amhara,Wadla,Gashena,11.64212,38.91624,4,NA,NA,NA,1.8,38,9.8,36.25,3,2014-07-27,58,1.6
10851,242ET_D,210812a,2,Mesele Tareke,2014,Amhara,Meket,Weketa,11.70462,38.76567,1,NA,NA,NA,4,52.8,5.8,180.625,2,2014-07-15,289,1.6
10851,415ET_D,222854,4,Mesele Tareke,2014,Amhara,Meket,Weketa,11.70462,38.76567,2,NA,NA,NA,3.2,51.6,5,168.75,4,2014-07-15,270,1.6
10851,197ET_D,238576,1,Mesele Tareke,2014,Amhara,Meket,Weketa,11.70462,38.76567,3,NA,NA,NA,3.4,49.6,6,208.125,3,2014-07-15,333,1.6
10851,341ET_D,asassa,3,Mesele Tareke,2014,Amhara,Meket,Weketa,11.70462,38.76567,4,NA,NA,NA,2.6,41.6,5.4,152.5,1,2014-07-15,244,1.6
10854,208164,208164,1,Mesfin Worku,2014,Oromia,Seadebir and Wayo,Dire,10.015861,39.241889,2,29-09-2014,14-10-2014,30-11-2014,5,38,6,115.625,2,2014-07-29,185,1.6
10854,214306,214306,2,Mesfin Worku,2014,Oromia,Seadebir and Wayo,Dire,10.015861,39.241889,1,28/9/2014,11-10-2014,30-11-2014,6,34,6,109.375,3,2014-07-29,175,1.6
10854,441ET_D,228600,3,Mesfin Worku,2014,Oromia,Seadebir and Wayo,Dire,10.015861,39.241889,3,9-09-2014,14-10-2014,25-11-2014,6,36,7,168.125,1,2014-07-29,269,1.6
10872,033ET_D,208175,1,Misirak Goshu,2014,Oromia,Moret and Jiru,Kosiamba,9.9392219999999991,39.206083,2,13-10-2014,28-10-2014,31/11/2014,6,38,8,448.125,1,2014-07-29,717,1.6
10872,227314,227314,2,Misirak Goshu,2014,Oromia,Moret and Jiru,Kosiamba,9.9392219999999991,39.206083,3,11-10-2014,25-10-2014,NA,4,37,9,438.75,3,2014-07-29,702,1.6
10872,441ET_D,228600,4,Misirak Goshu,2014,Oromia,Moret and Jiru,Kosiamba,9.9392219999999991,39.206083,1,11-10-2014,21-10-2014,NA,5,51,7,360.625,2,2014-07-29,577,1.6
10872,344ET_D,ude,3,Misirak Goshu,2014,Oromia,Moret and Jiru,Kosiamba,9.9392219999999991,39.206083,4,1-10-2014,14-10-2014,NA,3,67,6,306.875,4,2014-07-29,491,1.6
10880,033ET_D,208175,1,Mokonon Garedew,2014,Oromia,Seadebir and Wayo,Wole,9.782139,39.118333,1,22-10-2014,3-11-2014,1-12-2014,7,52,NA,580.625,4,2014-07-30,929,1.6
10880,227314,227314,2,Mokonon Garedew,2014,Oromia,Seadebir and Wayo,Wole,9.782139,39.118333,2,14-10-2014,29-10-2014,27/11/2014,4,44,10,374.375,3,2014-07-30,599,1.6
10880,6891,6891,4,Mokonon Garedew,2014,Oromia,Seadebir and Wayo,Wole,9.782139,39.118333,3,14-10-2014,29-10-2014,25/11/2014,5,50,9,358.125,1,2014-07-30,573,1.6
10880,344ET_D,ude,3,Mokonon Garedew,2014,Oromia,Seadebir and Wayo,Wole,9.782139,39.118333,4,1-10-2014,19-10-2014,30/11/2014,4,54,6,328.75,2,2014-07-30,526,1.6
10890,242ET_D,210812a,2,Molla Mesfine,2013,Amhara,Meket,Weketa,11.70623,38.75922,1,NA,NA,NA,NA,NA,NA,97.5,3,2013-08-06,39,0.4
10890,249ET_D,210820a,3,Molla Mesfine,2013,Amhara,Meket,Weketa,11.70623,38.75922,3,NA,NA,NA,NA,NA,NA,392.5,4,2013-08-06,157,0.4
10890,197ET_D,238576,1,Molla Mesfine,2013,Amhara,Meket,Weketa,11.70623,38.75922,2,NA,NA,NA,NA,NA,NA,380,1,2013-08-06,152,0.4
10890,341ET_D,asassa,4,Molla Mesfine,2013,Amhara,Meket,Weketa,11.70623,38.75922,4,NA,NA,NA,NA,NA,NA,177.5,2,2013-08-06,71,0.4
10891,242ET_D,210812a,2,Molla Mesfnie,2014,Amhara,Meket,Weketa,11.70623,38.75922,1,NA,NA,NA,5,37.4,5.4,84.375,2,2014-08-06,135,1.6
10891,249ET_D,210820a,3,Molla Mesfnie,2014,Amhara,Meket,Weketa,11.70623,38.75922,3,NA,NA,NA,4.4,38.8,5.8,110.625,3,2014-08-06,177,1.6
10891,197ET_D,238576,1,Molla Mesfnie,2014,Amhara,Meket,Weketa,11.70623,38.75922,2,NA,NA,NA,3.4,37,5.4,56.25,4,2014-08-06,90,1.6
10891,341ET_D,asassa,4,Molla Mesfnie,2014,Amhara,Meket,Weketa,11.70623,38.75922,4,NA,NA,NA,2,34.4,5.6,107.5,1,2014-08-06,172,1.6
10896,208164,208164,2,Mulate Tadesse,2014,Oromia,Moret and Jiru,Burtilik,9.859694,39.185417,1,23-10-2014,2-11-2014,6-12-2014,5,38,8,385.625,1,2014-08-01,617,1.6
10896,033ET_D,208175,1,Mulate Tadesse,2014,Oromia,Moret and Jiru,Burtilik,9.856917,39.188528,3,23-10-2014,9-11-2014,28-11-2014,4,35,NA,392.5,2,2014-08-01,628,1.6
10896,441ET_D,228600,4,Mulate Tadesse,2014,Oromia,Moret and Jiru,Burtilik,9.859694,39.185417,2,18-10-2014,3-11-2014,23-11-2014,5,NA,7,504.375,3,2014-08-01,807,1.6
10896,344ET_D,ude,3,Mulate Tadesse,2014,Oromia,Moret and Jiru,Burtilik,9.856917,39.188528,4,12-10-2014,27/10/2014,3-12-2014,2,49,6,267.5,4,2014-08-01,428,1.6
10954,033ET_D,208175,1,Shewakena Guchale,2014,Oromia,Moret and Jiru,Weyn amba,9.929528,39.190611,1,15/10/2014,21/10/2014,18/12/2014,3,33,NA,440.625,3,2014-08-15,705,1.6
10954,227314,227314,2,Shewakena Guchale,2014,Oromia,Moret and Jiru,Weyn amba,9.929528,39.190611,2,13/10/2014,25/10/2014,14/12/2014,3,33,9,489.375,4,2014-08-15,783,1.6
10954,6891,6891,4,Shewakena Guchale,2014,Oromia,Moret and Jiru,Weyn amba,9.929528,39.190611,3,13/10/2014,27/10/2014,16/12/2014,5,42,9,443.125,2,2014-08-15,709,1.6
10954,344ET_D,ude,3,Shewakena Guchale,2014,Oromia,Moret and Jiru,Weyn amba,9.929528,39.190611,4,10-09-2014,23/10/2014,1-12-2014,2,63,7,389.375,1,2014-08-15,623,1.6
10999,242ET_D,210812a,2,Tadesse Akelo,2013,Amhara,Meket,Weketa,11.70623,38.75922,1,NA,NA,NA,NA,NA,NA,140,2,2013-08-07,56,0.4
10999,415ET_D,222854,4,Tadesse Akelo,2013,Amhara,Meket,Weketa,11.70623,38.75922,2,NA,NA,NA,NA,NA,NA,215,4,2013-08-07,86,0.4
10999,197ET_D,238576,1,Tadesse Akelo,2013,Amhara,Meket,Weketa,11.70623,38.75922,3,NA,NA,NA,NA,NA,NA,165,3,2013-08-07,66,0.4
10999,341ET_D,asassa,3,Tadesse Akelo,2013,Amhara,Meket,Weketa,11.70623,38.75922,4,NA,NA,NA,NA,NA,NA,185,1,2013-08-07,74,0.4
11002,208164,208164,2,Tamene Goshu,2014,Oromia,Moret and Jiru,Kosiamba,9.93775,39.203806,1,10-06-2014,23/10/2014,4-12-2014,3,NA,7,510,2,2014-07-29,816,1.6
11002,033ET_D,208175,1,Tamene Goshu,2014,Oromia,Moret and Jiru,Kosiamba,9.93775,39.203806,3,10-06-2014,28/10/2014,14/12/2014,5,33,8,681.25,1,2014-07-29,1090,1.6
11002,441ET_D,228600,4,Tamene Goshu,2014,Oromia,Moret and Jiru,Kosiamba,9.93775,39.203806,2,13/10/2014,28/10/2014,7-12-2014,4,36,7,630.625,3,2014-07-29,1009,1.6
11002,344ET_D,ude,3,Tamene Goshu,2014,Oromia,Moret and Jiru,Kosiamba,9.93775,39.203806,4,10-01-2014,17/10/2014,12-12-2014,2,58,7,225,4,2014-07-29,360,1.6
11023,208164,208164,1,Tefera Guntay,2014,Oromia,Moret and Jiru,Kusaye,9.897917,39.167222,2,18-10-2014,30/10/2014,5-12-2014,5,37,8,316.25,3,2014-08-06,506,1.6
11023,214306,214306,2,Tefera Guntay,2014,Oromia,Moret and Jiru,Kusaye,9.897917,39.167222,1,28-10-2014,17-10-2014,5-12-2014,6,29,9,337.5,2,2014-08-06,540,1.6
11023,441ET_D,228600,4,Tefera Guntay,2014,Oromia,Moret and Jiru,Kusaye,9.897917,39.167222,3,27-09-2014,15/10/2014,27-11-2014,6,32,9,295,1,2014-08-06,472,1.6
11023,344ET_D,ude,3,Tefera Guntay,2014,Oromia,Moret and Jiru,Kusaye,9.897917,39.167222,4,15-10-2014,29-10-2014,25-11-2014,3,50,7,146.875,4,2014-08-06,235,1.6
11040,242ET_D,210812a,2,Temesgen Sisay,2014,Amhara,Meket,Hanamekuat,11.68206,38.6877,1,NA,NA,NA,7.2,37.8,6.4,313.75,2,2014-07-21,502,1.6
11040,249ET_D,210820a,3,Temesgen Sisay,2014,Amhara,Meket,Hanamekuat,11.68206,38.6877,3,NA,NA,NA,NA,38.6,7,229.375,3,2014-07-21,367,1.6
11040,197ET_D,238576,1,Temesgen Sisay,2014,Amhara,Meket,Hanamekuat,11.68206,38.6877,2,NA,NA,NA,NA,51,8.2,239.375,4,2014-07-21,383,1.6
11040,341ET_D,asassa,4,Temesgen Sisay,2014,Amhara,Meket,Hanamekuat,11.68206,38.6877,4,NA,NA,NA,4,36.8,5,216.25,1,2014-07-21,346,1.6
11043,249ET_D,210820a,3,Tesfawu Tarekegn,2014,Amhara,Meket,Agrit,11.81845115,38.69975725,2,NA,NA,NA,4,21,9.2,231.25,4,2014-07-13,370,1.6
11043,222816b,222816b,2,Tesfawu Tarekegn,2014,Amhara,Meket,Agrit,11.81845115,38.69975725,3,NA,NA,NA,4.4,25.6,10.4,87.5,3,2014-07-13,140,1.6
11043,197ET_D,238576,1,Tesfawu Tarekegn,2014,Amhara,Meket,Agrit,11.81845115,38.69975725,1,NA,NA,NA,6.8,24.2,9.4,182.5,2,2014-07-13,292,1.6
11043,341ET_D,asassa,4,Tesfawu Tarekegn,2014,Amhara,Meket,Agrit,11.81845115,38.69975725,4,NA,NA,NA,2.8,22,7.2,219.375,1,2014-07-13,351,1.6
11078,242ET_D,210812a,2,Tilahun Wendyifrawu,2014,Amhara,Meket,Werkaye,11.731456,38.751456,1,NA,NA,NA,2.4,26.2,6,66.25,2,2014-08-11,106,1.6
11078,415ET_D,222854,4,Tilahun Wendyifrawu,2014,Amhara,Meket,Werkaye,11.731456,38.751456,2,NA,NA,NA,3.8,26.8,5.6,115,3,2014-08-11,184,1.6
11078,197ET_D,238576,1,Tilahun Wendyifrawu,2014,Amhara,Meket,Werkaye,11.731456,38.751456,3,NA,NA,NA,3.6,23,6.2,156.25,4,2014-08-11,250,1.6
11078,341ET_D,asassa,3,Tilahun Wendyifrawu,2014,Amhara,Meket,Werkaye,11.731456,38.751456,4,NA,NA,NA,2.6,27,5,79.375,1,2014-08-11,127,1.6
11080,242ET_D,210812a,2,Tiruneh Amare,2014,Amhara,Meket,Timtimat,11.716781,38.959369,1,NA,NA,NA,2.6,31.6,5.8,161.875,4,2014-07-22,259,1.6
11080,415ET_D,222854,4,Tiruneh Amare,2014,Amhara,Meket,Timtimat,11.716781,38.959369,2,NA,NA,NA,2.6,33.4,7,111.25,1,2014-07-22,178,1.6
11080,197ET_D,238576,1,Tiruneh Amare,2014,Amhara,Meket,Timtimat,11.716781,38.959369,3,NA,NA,NA,1.8,40.6,7.6,79.375,3,2014-07-22,127,1.6
11080,341ET_D,asassa,3,Tiruneh Amare,2014,Amhara,Meket,Timtimat,11.716781,38.959369,4,NA,NA,NA,1.8,44.8,5.8,146.25,2,2014-07-22,234,1.6
11099,415ET_D,222854,3,Tsegaye Birku,2014,Amhara,Meket,Werkaye,11.735007,38.746029,2,NA,NA,NA,3.8,27.6,7.4,175,2,2014-08-10,280,1.6
11099,197ET_D,238576,1,Tsegaye Birku,2014,Amhara,Meket,Werkaye,11.735007,38.746029,3,NA,NA,NA,4.6,24.6,7.6,180.625,4,2014-08-10,289,1.6
11099,341ET_D,asassa,2,Tsegaye Birku,2014,Amhara,Meket,Werkaye,11.735007,38.746029,4,NA,NA,NA,2.6,30.8,5.2,113.125,1,2014-08-10,181,1.6
11105,249ET_D,210820a,3,Tsege Derese,2014,Amhara,Meket,Agrit,11.81899069,38.69687414,2,NA,NA,NA,3,24.8,6.6,143.125,4,2014-08-06,229,1.6
11105,222816b,222816b,2,Tsege Derese,2014,Amhara,Meket,Agrit,11.81899069,38.69687414,3,NA,NA,NA,4.8,21.2,7.2,90.625,3,2014-08-06,145,1.6
11105,197ET_D,238576,1,Tsege Derese,2014,Amhara,Meket,Agrit,11.81899069,38.69687414,1,NA,NA,NA,4.8,21.2,7,146.25,2,2014-08-06,234,1.6
11105,341ET_D,asassa,4,Tsege Derese,2014,Amhara,Meket,Agrit,11.81899069,38.69687414,4,NA,NA,NA,4,26.6,5,39.375,1,2014-08-06,63,1.6
11107,033ET_D,208175,1,Tsige Legesse,2014,Oromia,Seadebir and Wayo,Wole,9.782417,39.123861,2,20-10-2014,7-11-2014,10-12-2014,6,40,NA,410.625,2,2014-08-05,657,1.6
11107,227314,227314,2,Tsige Legesse,2014,Oromia,Seadebir and Wayo,Wole,9.782417,39.123861,3,18-10-2014,31-10-2014,12-11-2014,5,37,9,296.25,3,2014-08-05,474,1.6
11107,441ET_D,228600,4,Tsige Legesse,2014,Oromia,Seadebir and Wayo,Wole,9.782417,39.123861,1,13-10-2014,29-10-2014,14/12/2014,5,40,9,330.625,1,2014-08-05,529,1.6
11107,344ET_D,ude,3,Tsige Legesse,2014,Oromia,Seadebir and Wayo,Wole,9.782417,39.123861,4,13-10-2014,27-10-2014,9-12-2014,4,56,7,183.125,4,2014-08-05,293,1.6
11130,249ET_D,210820a,3,Wedaje Tesfawu,2014,Amhara,Meket,Agrit,11.81739978,38.69755521,2,NA,NA,NA,4,23.8,9,131.25,4,2014-08-01,210,1.6
11130,222816b,222816b,2,Wedaje Tesfawu,2014,Amhara,Meket,Agrit,11.81739978,38.69755521,3,NA,NA,NA,4.4,25.4,8.4,150,3,2014-08-01,240,1.6
11130,197ET_D,238576,1,Wedaje Tesfawu,2014,Amhara,Meket,Agrit,11.81739978,38.69755521,1,NA,NA,NA,4.4,29.2,8.2,153.125,2,2014-08-01,245,1.6
11130,341ET_D,asassa,4,Wedaje Tesfawu,2014,Amhara,Meket,Agrit,11.81739978,38.69755521,4,NA,NA,NA,2.6,30.4,6,98.125,1,2014-08-01,157,1.6
11133,242ET_D,210812a,2,Wedaje Yirga,2014,Amhara,Meket,Werkaye,11.731456,38.751456,1,NA,NA,NA,3.6,31,6.6,187.5,1,2014-08-02,300,1.6
11133,415ET_D,222854,4,Wedaje Yirga,2014,Amhara,Meket,Werkaye,11.731456,38.751456,2,NA,NA,NA,4.6,24.8,6.4,144.375,4,2014-08-02,231,1.6
11133,197ET_D,238576,1,Wedaje Yirga,2014,Amhara,Meket,Werkaye,11.731456,38.751456,3,NA,NA,NA,3.8,27.8,7.2,150.625,3,2014-08-02,241,1.6
11133,341ET_D,asassa,3,Wedaje Yirga,2014,Amhara,Meket,Werkaye,11.731456,38.751456,4,NA,NA,NA,3,50.6,5.4,225,2,2014-08-02,360,1.6
11144,242ET_D,210812a,2,Wende Gelawu,2014,Amhara,Meket,Hamusit,11.78959,39.02021,1,NA,NA,NA,1.8,32.8,6.8,19.375,3,2014-07-26,31,1.6
11144,415ET_D,222854,4,Wende Gelawu,2014,Amhara,Meket,Hamusit,11.78959,39.02021,2,NA,NA,NA,1.8,40.6,6.8,28.75,4,2014-07-26,46,1.6
11144,197ET_D,238576,1,Wende Gelawu,2014,Amhara,Meket,Hamusit,11.78959,39.02021,3,NA,NA,NA,1.8,32.6,5,39.375,2,2014-07-26,63,1.6
11144,341ET_D,asassa,3,Wende Gelawu,2014,Amhara,Meket,Hamusit,11.78959,39.02021,4,NA,NA,NA,1.6,36.4,7.6,60,1,2014-07-26,96,1.6
11146,033ET_D,208175,1,Wendiy Asefa,2014,Oromia,Moret and Jiru,Burtilik,9.857833,39.18925,2,20-10-2014,18-11-2014,3-12-2014,5,45,8,723.75,1,2014-08-16,1158,1.6
11146,227314,227314,2,Wendiy Asefa,2014,Oromia,Moret and Jiru,Burtilik,9.857833,39.18925,3,22-10-2014,9-11-2014,4-12-2014,4,33,8,498.125,4,2014-08-16,797,1.6
11146,441ET_D,228600,4,Wendiy Asefa,2014,Oromia,Moret and Jiru,Burtilik,9.857833,39.18925,1,18-10-2014,3-11-2014,1-12-2014,5,48,9,689.375,3,2014-08-16,1103,1.6
11146,344ET_D,ude,3,Wendiy Asefa,2014,Oromia,Moret and Jiru,Burtilik,9.857833,39.18925,4,13-10-2014,27/10/2014,29-11-2014,3,57,6,600,2,2014-08-16,960,1.6
11162,208164,208164,1,Wogdires Begashaw,2014,Oromia,Seadebir and Wayo,Kubeti,9.891111,39.192917,1,13-10-2014,25-10-2014,23-11-2014,4,NA,9,330,2,2014-08-02,528,1.6
11162,441ET_D,228600,3,Wogdires Begashaw,2014,Oromia,Seadebir and Wayo,Kubeti,9.891111,39.192917,2,16-09-2014,2-10-2014,9-12-2014,6,43,9,383.125,1,2014-08-02,613,1.6
11162,344ET_D,ude,2,Wogdires Begashaw,2014,Oromia,Seadebir and Wayo,Kubeti,9.891111,39.192917,4,23-09-2014,8-10-2014,27-11-2014,3,54,8,267.5,4,2014-08-02,428,1.6
11185,242ET_D,210812a,2,Yalewu Misgan,2014,Amhara,Meket,Timtimat,11.716355,38.964966,1,NA,NA,NA,2.4,19.8,7,73.75,4,2014-07-14,118,1.6
11185,415ET_D,222854,4,Yalewu Misgan,2014,Amhara,Meket,Timtimat,11.716355,38.964966,2,NA,NA,NA,3,24,7.2,54.375,2,2014-07-14,87,1.6
11185,197ET_D,238576,1,Yalewu Misgan,2014,Amhara,Meket,Timtimat,11.716355,38.964966,3,NA,NA,NA,3.4,24.2,5.6,57.5,3,2014-07-14,92,1.6
11185,341ET_D,asassa,3,Yalewu Misgan,2014,Amhara,Meket,Timtimat,11.716355,38.964966,4,NA,NA,NA,1,30.8,5.4,85,1,2014-07-14,136,1.6
11192,249ET_D,210820a,3,Yaynie Birhan,2014,Amhara,Meket,Hanamekuat,11.67001,38.68509,2,NA,NA,NA,3.4,43.6,7,66.875,4,2014-07-23,107,1.6
11192,222816b,222816b,2,Yaynie Birhan,2014,Amhara,Meket,Hanamekuat,11.67001,38.68509,3,NA,NA,NA,3.2,38.6,5.6,50,3,2014-07-23,80,1.6
11192,197ET_D,238576,1,Yaynie Birhan,2014,Amhara,Meket,Hanamekuat,11.67001,38.68509,1,NA,NA,NA,2.8,39.8,7,78.75,2,2014-07-23,126,1.6
11192,341ET_D,asassa,4,Yaynie Birhan,2014,Amhara,Meket,Hanamekuat,11.67001,38.68509,4,NA,NA,NA,3.8,50,6,50,1,2014-07-23,80,1.6
11193,249ET_D,210820a,3,Yekaba Sisay,2014,Amhara,Meket,Agrit,11.8196045,38.68748232,2,NA,NA,NA,4.6,29.2,8.4,231.875,2,2014-08-11,371,1.6
11193,222816b,222816b,2,Yekaba Sisay,2014,Amhara,Meket,Agrit,11.8196045,38.68748232,3,NA,NA,NA,5.2,24.2,10,254.375,4,2014-08-11,407,1.6
11193,197ET_D,238576,1,Yekaba Sisay,2014,Amhara,Meket,Agrit,11.8196045,38.68748232,1,NA,NA,NA,4.2,40.8,9.2,144.375,3,2014-08-11,231,1.6
11193,341ET_D,asassa,4,Yekaba Sisay,2014,Amhara,Meket,Agrit,11.8196045,38.68748232,4,NA,NA,NA,3,48.2,6.6,206.25,1,2014-08-11,330,1.6
11197,249ET_D,210820a,2,Yesfat Smegn,2014,Amhara,Meket,Werkaye,11.734997,38.730712,2,NA,NA,NA,3.6,36.6,7.8,220,2,2014-08-05,352,1.6
11197,197ET_D,238576,1,Yesfat Smegn,2014,Amhara,Meket,Werkaye,11.734997,38.730712,1,NA,NA,NA,3.6,31.4,7.6,223.75,4,2014-08-05,358,1.6
11197,341ET_D,asassa,3,Yesfat Smegn,2014,Amhara,Meket,Werkaye,11.734997,38.730712,4,NA,NA,NA,3,36.2,6,188.75,1,2014-08-05,302,1.6
